# name fluence width dm_obs dm_exc_ne2001 dm_exc_ymw16
FRB20180725A 1.633430 1.966080 715.912942 641.810432 631.107819
FRB20180727A 2.310000 3.932160 642.013822 620.692116 622.263450
FRB20180729A 3.175466 1.966080 109.607795 78.741579 86.792007
FRB20180729B 1.200000 1.966080 317.310886 223.354346 198.822407
FRB20180730A 27.000000 5.898240 848.878320 796.222829 800.021127
FRB20180801A 7.900000 5.898240 656.065668 550.504048 519.978347
FRB20180806A 1.840085 2.949120 739.900446 699.167944 705.868814
FRB20180810A 1.700000 1.966080 414.892285 310.353257 274.813568
FRB20180810B 7.900000 1.966080 169.101314 128.114702 135.348626
FRB20180812A 5.400000 5.898240 802.400165 719.969330 703.192786
FRB20180814B 10.600000 4.915200 238.316572 197.128241 203.577013
FRB20180814B 10.600000 4.915200 238.316572 197.128241 203.577013
FRB20180817A 8.145496 17.694720 1006.643894 977.318201 981.200229
FRB20180904A 6.000000 1.966080 361.071447 305.311778 308.055281
FRB20180906A 2.700000 1.966080 383.293841 339.844532 346.420880
FRB20180906B 1.500000 7.864320 3037.860369 3006.379691 3015.091635
FRB20180907D 4.900000 3.932160 1446.537319 1391.961395 1394.291561
FRB20180907A 2.800000 4.915200 877.077273 784.876192 801.551538
FRB20180907B 2.900000 1.966080 658.192234 620.080262 628.291182
FRB20180907C 1.480000 1.966080 638.333385 546.811616 522.846791
FRB20180907E 4.955269 20.643840 382.470676 352.014881 362.663170
FRB20180909A 1.020000 19.660800 408.302178 358.461890 364.006279
FRB20180911A 2.600000 3.932160 221.235461 164.811139 166.679081
FRB20180915A 6.200000 2.949120 370.835227 198.693583 224.567231
FRB20180915B 3.800000 3.932160 177.110282 154.478596 154.103543
FRB20180916A 4.500000 1.966080 296.036511 216.621906 203.962045
FRB20180916C 2.247504 9.830400 2251.417008 2177.444050 2165.221844
FRB20180917B 8.300000 17.694720 856.696466 813.371697 819.648275
FRB20180918A 4.100000 2.949120 1454.137934 1374.055550 1367.915671
FRB20180919B 4.055349 1.966080 560.174932 527.267001 535.899821
FRB20180920A 7.081559 13.762560 555.672086 394.675682 324.248101
FRB20180920B 1.421906 9.830400 463.104896 429.743128 437.947605
FRB20180921A 4.564467 3.932160 394.366149 358.963440 368.258499
FRB20180922A 7.700000 1.966080 555.602462 414.388653 341.770374
FRB20180923A 1.200000 1.966080 219.488725 119.454257 92.518745
FRB20180923D 4.209594 1.966080 329.378946 298.621821 308.726022
FRB20180923C 1.370000 1.966080 173.793763 144.705443 146.307001
FRB20180924A 3.626099 1.966080 1116.321907 1046.764154 1048.556921
FRB20180925A 8.700000 16.711680 236.929674 165.778935 157.773755
FRB20180925B 3.447551 1.966080 668.008130 628.232472 637.386641
FRB20180928A 2.500000 1.966080 252.621693 93.738962 135.589578
FRB20181012B 2.062877 3.932160 715.182016 681.478141 689.173560
FRB20181013A 3.298193 1.966080 309.322962 261.247301 270.664420
FRB20181013E 2.030000 4.915200 345.161308 264.483518 256.044379
FRB20181013B 117.907785 103.219196 277.860868 192.147986 173.149365
FRB20181013C 1.640000 4.915200 1005.683812 967.067741 979.866870
FRB20181014A 4.553809 3.932160 1313.716502 1127.871756 1018.340147
FRB20181014B 1.880000 3.932160 887.858477 784.651974 736.291800
FRB20181014C 1.620785 1.966080 752.309595 692.559262 689.194341
FRB20181014D 19.874563 1.966080 377.037209 346.924540 350.423706
FRB20181015A 3.400000 1.966080 568.799741 521.504117 527.470093
FRB20181017B 6.410122 11.796480 306.890190 263.047244 269.267013
FRB20181018A 19.541766 11.796480 1128.966905 1008.072038 999.159651
FRB20181018C 3.119718 1.966080 411.159172 265.278616 221.141219
FRB20181019B 2.700000 2.949120 725.079489 564.972710 472.718731
FRB20181019C 2.505874 1.966080 501.720515 462.528446 469.127532
FRB20181020A 3.763049 6.881281 1112.141276 1039.723560 1033.387886
FRB20181022C 3.200000 4.915200 528.393859 478.406798 483.371064
FRB20181022D 7.806728 1.966080 514.107163 493.905445 499.993655
FRB20181022E 2.080000 2.949120 285.910831 264.045235 263.751226
FRB20181025A 2.904429 1.966080 592.549701 530.532457 529.272411
FRB20181027A 11.771237 5.898240 727.765271 663.798648 670.109008
FRB20181030C 5.583103 1.966080 668.729492 595.805675 610.153761
FRB20181030D 5.635501 1.966080 289.492471 165.403344 102.104206
FRB20181030E 8.485773 5.898240 159.713357 109.701970 113.880357
FRB20181030E 8.485773 5.898240 159.713357 109.701970 113.880357
FRB20181101A 15.306149 50.135032 1471.757678 1327.110919 1310.205510
FRB20181102A 3.096801 0.983040 414.601152 258.440357 167.164310
FRB20181104C 18.469677 1.966080 580.781687 475.035310 428.874460
FRB20181115A 1.350998 4.915200 981.228283 941.044330 951.346975
FRB20181116A 5.574859 1.966080 355.380023 318.306218 326.014708
FRB20181116B 1.714286 3.932160 409.839741 373.588419 380.495960
FRB20181117C 2.895509 3.932160 1774.154685 1708.045864 1705.499806
FRB20181117A 3.792548 3.932160 959.075196 920.954245 932.376939
FRB20181117B 5.185925 6.881280 537.993208 473.149554 470.205190
FRB20181117B 5.185925 6.881280 537.993208 473.149554 470.205190
FRB20181118A 12.071636 3.932160 557.256078 525.754506 535.756389
FRB20181118B 3.421139 3.932160 422.173825 368.948265 364.050146
FRB20181119B 94.000000 22.609919 608.474704 165.646110 110.546626
FRB20181119E 2.013821 3.932160 1169.698843 954.049214 893.363465
FRB20181119D 12.600000 33.423359 566.239040 377.969860 279.296276
FRB20181119D 12.600000 33.423359 566.239040 377.969860 279.296276
FRB20181119D 12.600000 33.423359 566.239040 377.969860 279.296276
FRB20181119C 3.500000 1.966080 284.933876 240.273165 246.679093
FRB20181122A 1.181206 2.949120 662.855562 473.875151 374.652948
FRB20181122B 18.439799 1.966080 225.746678 171.416870 174.577146
FRB20181123A 2.405805 1.966080 798.639238 694.906150 680.815478
FRB20181124B 19.597914 3.932160 801.713462 696.992334 717.961576
FRB20181124A 2.136598 3.932160 1108.319410 1073.820675 1082.732679
FRB20181125A 3.200000 9.830400 272.299951 234.587283 247.761610
FRB20181125A 3.200000 9.830400 272.299951 234.587283 247.761610
FRB20181126A 9.720480 2.949120 494.170766 444.546958 449.362960
FRB20181127A 2.259670 4.915200 930.172916 897.972558 901.053149
FRB20181128B 1.995042 2.949120 456.340898 422.886218 435.669299
FRB20181128D 8.356492 1.966080 146.432654 113.532179 121.035843
FRB20181128C 3.940297 14.745599 618.388268 568.882006 576.232693
FRB20181128C 3.940297 14.745599 618.388268 568.882006 576.232693
FRB20181129A 3.502095 2.949120 385.943387 298.795345 304.881871
FRB20181129B 0.517181 1.966080 405.909663 343.283049 342.816477
FRB20181129C 4.184875 5.898240 501.994828 475.566200 477.351997
FRB20181130A 1.499473 1.966080 220.051470 124.076138 128.635046
FRB20181201A 25.026902 124.846076 694.320463 670.263456 672.854999
FRB20181201B 3.280436 4.915200 876.345037 824.923977 830.779158
FRB20181202A 12.478365 7.864320 667.922780 628.937202 636.644792
FRB20181202B 3.778556 3.932160 825.887009 791.902196 799.676909
FRB20181202C 3.186961 7.864321 557.111493 431.138097 396.179054
FRB20181203A 3.071348 1.966080 635.980630 589.100038 597.182985
FRB20181203B 4.717400 3.932160 375.347683 318.254577 320.871992
FRB20181203C 4.022978 11.796481 2444.366285 2406.857104 2414.397419
FRB20181208A 4.166932 4.915200 562.715154 517.425184 523.375679
FRB20181213A 2.691328 3.932160 678.619378 629.966175 635.773669
FRB20181213B 2.515316 1.966080 626.440943 595.823666 604.514475
FRB20181213C 2.023920 3.932160 380.707741 350.277809 358.194674
FRB20181214A 0.514203 1.966080 468.109539 284.623874 207.382656
FRB20181214B 0.974116 2.949120 1120.647440 1078.497178 1089.984992
FRB20181214C 5.250223 5.898240 632.743975 599.242248 608.452653
FRB20181214D 7.179121 18.677760 1177.069514 1150.978309 1157.239944
FRB20181214F 2.440274 8.847360 2105.679440 2065.572831 2073.092329
FRB20181215A 0.932677 2.949120 412.663307 284.297913 235.885261
FRB20181215B 2.913952 1.966080 494.042506 453.394804 461.458098
FRB20181216A 2.200860 1.966080 542.753454 396.115691 347.562483
FRB20181217A 1.957456 2.949120 1177.090225 1107.525212 1108.484728
FRB20181218A 1.843201 7.864320 1874.231586 1726.940557 1645.594124
FRB20181218B 1.757076 3.932160 753.200393 583.529623 477.106317
FRB20181218C 1.770441 4.915200 383.917849 319.618147 322.559158
FRB20181219B 8.366333 3.932160 1951.507271 1914.251575 1922.252231
FRB20181219C 6.414882 5.898240 647.760477 611.283847 620.384973
FRB20181220A 3.246991 0.983040 209.505880 83.604043 87.199011
FRB20181220B 2.020973 1.966080 257.745722 203.972025 207.346232
FRB20181221A 7.295993 3.932160 316.321291 291.835380 292.094646
FRB20181221B 3.810527 1.966080 1394.866773 1335.685284 1337.073103
FRB20181222B 0.532440 1.966080 619.232206 471.087880 408.760387
FRB20181222C 3.084449 3.932160 1104.722056 1058.220651 1065.274480
FRB20181222D 1.230000 15.728640 1417.538401 1386.297760 1394.883027
FRB20181222E 0.638082 2.949120 327.967233 268.153688 268.468524
FRB20181222E 0.638082 2.949120 327.967233 268.153688 268.468524
FRB20181223B 3.700080 10.813440 565.436884 540.117741 545.434938
FRB20181223C 3.015615 1.966080 112.497330 92.524145 93.287720
FRB20181224A 6.673943 1.966080 310.177612 225.067429 231.488259
FRB20181224B 2.744250 7.864320 780.974318 659.261039 639.966871
FRB20181224C 10.516277 44.236801 596.281865 540.876734 543.245831
FRB20181224D 1.385700 3.932160 690.032919 658.725800 667.752216
FRB20181224E 8.082896 2.949120 581.873417 545.281826 549.302468
FRB20181224E 8.082896 2.949120 581.873417 545.281826 549.302468
FRB20181225B 5.990223 3.932160 299.269793 240.943674 242.170574
FRB20181226G 4.355077 4.915200 408.967484 315.014542 322.272618
FRB20181226D 2.731131 1.966080 385.345010 320.289055 306.470113
FRB20181226B 51.368611 5.898240 287.007526 259.100980 266.251329
FRB20181226B 51.368611 5.898240 287.007526 259.100980 266.251329
FRB20181226E 1.170230 1.966080 308.813894 240.087383 237.638648
FRB20181227A 2.030168 1.966080 791.188386 700.849698 677.981356
FRB20181228A 4.857934 1.966080 748.631820 714.368666 722.977095
FRB20181228B 2.753680 8.847360 568.581121 528.509382 535.069102
FRB20181228C 1.025209 1.966080 510.543242 464.754473 471.554314
FRB20181229A 4.045338 3.932160 955.446487 912.447082 923.246341
FRB20181229B 6.045074 20.643842 389.028776 359.558654 361.243828
FRB20181230A 12.289611 33.423359 769.804538 700.557209 695.174633
FRB20181230B 8.772511 5.898240 1136.884860 1048.140700 1025.818560
FRB20181230C 2.126256 1.966080 1037.131474 1000.248347 1008.023100
FRB20181230D 1.559526 1.966080 223.921813 183.265585 190.942024
FRB20181230E 6.565660 10.813440 1041.436237 987.331318 990.571887
FRB20181231A 2.367308 1.966080 1376.622314 1333.624724 1342.310601
FRB20181231B 2.275274 1.966080 197.401945 148.647117 154.857821
FRB20181231C 1.461507 1.966080 556.110408 520.471935 528.294124
FRB20190101A 14.477033 44.236798 854.846823 830.717334 836.219516
FRB20190101B 1.967803 2.949120 1323.902956 1091.165846 1162.514414
FRB20190102A 5.098681 5.898240 699.072696 655.470959 664.033134
FRB20190102B 4.766335 2.949120 367.082428 326.003990 335.066199
FRB20190103B 14.657018 27.525116 540.712724 355.513004 251.963940
FRB20190103C 13.532786 6.881281 1348.922853 1194.062587 1127.791861
FRB20190103D 1.108791 3.932160 1913.535021 1880.154087 1887.573476
FRB20190103E 2.003960 5.898240 736.048827 690.338817 698.507275
FRB20190104A 3.343768 1.966080 549.402931 397.597214 346.271274
FRB20190104A 3.343768 1.966080 549.402931 397.597214 346.271274
FRB20190104B 12.277074 6.881279 530.181413 479.775398 492.531988
FRB20190105A 3.226668 8.847361 383.717429 337.463292 343.202108
FRB20190106A 0.897355 8.847361 339.910273 251.049705 249.034495
FRB20190106B 3.890283 1.966080 316.527411 161.315090 170.754456
FRB20190107A 8.050953 47.190000 849.190000 809.300000 817.300000
FRB20190107B 3.028703 1.966080 166.088564 94.726216 87.154608
FRB20190109A 4.546199 3.932160 324.469313 177.552328 120.811168
FRB20190109A 4.546199 3.932160 324.469313 177.552328 120.811168
FRB20190109B 2.461815 6.881279 175.291312 106.628685 121.445169
FRB20190110A 4.279046 1.966080 472.794227 285.893979 208.678276
FRB20190110B 2.302198 7.864319 486.102664 440.539832 449.183100
FRB20190111A 16.653452 3.932159 172.099847 150.585101 150.601216
FRB20190111A 16.653452 3.932159 172.099847 150.585101 150.601216
FRB20190111A 16.653452 3.932159 172.099847 150.585101 150.601216
FRB20190111B 6.832003 1.966080 1336.888185 1271.440229 1285.665624
FRB20190112A 15.412281 9.830401 425.646756 383.620592 390.041829
FRB20190114A 2.031771 6.881281 887.532600 849.475173 857.932606
FRB20190115A 1.249113 1.966080 1021.592143 835.664433 783.374612
FRB20190115B 4.491309 3.932160 748.249532 684.321221 681.965934
FRB20190116E 1.310104 1.966080 1490.929178 1362.290230 1350.545436
FRB20190116D 6.926087 9.830400 1163.945552 1085.039729 1071.315242
FRB20190116C 65.809254 2.949120 629.185607 588.458466 594.869306
FRB20190116F 1.603140 1.966080 316.649371 269.730551 275.209383
FRB20190117C 0.832004 1.966080 865.953166 812.624127 816.155340
FRB20190117D 3.500000 3.932160 1177.980142 1155.299212 1157.449417
FRB20190118B 4.096158 19.660800 669.379901 619.110782 625.613385
FRB20190118A 19.808847 1.966080 225.128503 171.543406 182.296230
FRB20190121A 10.792930 7.864320 425.315043 335.698683 314.130587
FRB20190122B 1.900776 3.932160 469.373460 414.854184 423.280455
FRB20190122C 47.424023 14.745600 689.799101 664.922023 669.557573
FRB20190122C 47.424023 14.745600 689.799101 664.922023 669.557573
FRB20190122A 5.704297 42.270718 1233.502487 1168.899672 1177.607224
FRB20190124A 12.931637 28.508161 1276.314941 1100.321170 1051.741955
FRB20190124B 10.050728 12.779520 441.590240 419.977679 420.430822
FRB20190124C 14.925171 13.762560 303.681510 282.196950 282.197431
FRB20190124C 14.925171 13.762560 303.681510 282.196950 282.197431
FRB20190124D 1.834925 3.932160 340.197175 294.269667 300.096332
FRB20190124E 7.229839 18.677759 617.646092 229.437592 317.577398
FRB20190124F 7.620893 3.932160 254.782480 217.101002 225.819077
FRB20190125A 1.949094 121.896963 563.800969 503.356562 505.341806
FRB20190127B 15.934691 62.914558 663.588267 614.565731 619.929293
FRB20190128A 2.216278 4.915200 695.872351 652.242590 661.185575
FRB20190128B 1.609659 1.966080 248.250040 191.093754 191.013954
FRB20190128C 3.902818 13.762560 309.628464 238.385351 230.261138
FRB20190128D 4.923327 3.932160 430.258958 195.605968 220.694487
FRB20190129A 4.108375 8.847360 485.964631 433.972064 438.735931
FRB20190130A 4.520224 14.745601 1367.144122 1329.681402 1339.004779
FRB20190130B 3.836189 2.949120 988.696374 959.104250 967.649616
FRB20190131E 2.492537 1.966080 279.817917 236.177293 242.688377
FRB20190131D 6.800262 0.983040 642.149255 574.217366 568.776075
FRB20190131D 6.800262 0.983040 642.149255 574.217366 568.776075
FRB20190131C 2.704483 1.966080 507.707327 474.843654 484.641359
FRB20190131B 3.269876 1.966080 1805.579283 1769.930297 1777.919993
FRB20190201B 2.258224 2.949120 749.112897 694.959264 697.795995
FRB20190202A 103.580212 1.966080 307.437088 266.189841 273.711349
FRB20190203B 0.948820 1.966080 582.294634 536.296383 543.972581
FRB20190203A 5.216348 4.915199 420.532278 376.238958 383.731446
FRB20190203C 4.597165 2.949120 370.307390 340.588841 348.126986
FRB20190204A 2.019877 5.898240 449.384032 413.398092 423.012263
FRB20190204B 4.635827 3.932160 1464.907919 1419.184138 1424.882957
FRB20190205A 1.912712 1.966080 695.266814 627.313081 622.360959
FRB20190206C 4.175102 8.847361 1042.793770 1004.362290 1011.707244
FRB20190206B 4.726278 15.728641 351.483193 272.924744 259.467265
FRB20190206A 7.668523 7.864321 188.240761 146.755452 152.634858
FRB20190208B 37.799564 1.966080 714.252030 653.420300 652.981828
FRB20190210B 5.048681 1.966080 624.200851 508.085978 460.582209
FRB20190210C 3.955524 1.966080 643.360032 589.599266 592.386344
FRB20190210E 1.876377 1.966080 580.484276 522.836507 524.559925
FRB20190211A 5.766350 5.898239 1188.397434 1084.028334 1049.912777
FRB20190211B 1.249491 1.966080 260.714425 176.321889 169.724126
FRB20190212B 4.136112 1.966080 600.137323 559.054329 569.680270
FRB20190212C 8.552714 24.576002 1015.678959 993.379150 997.104798
FRB20190212D 6.139401 18.677757 1139.926172 1104.381167 1112.814341
FRB20190213C 0.741568 1.966081 356.959010 180.948738 119.821796
FRB20190213D 2.286439 1.966080 1346.630252 1112.118236 1097.164897
FRB20190214A 2.348213 19.660797 497.404889 427.499074 420.405519
FRB20190214C 6.938675 5.898242 532.829421 510.458143 510.514567
FRB20190215B 5.575911 2.949120 274.560917 139.576983 149.624056
FRB20190217A 1.170398 6.881280 798.290637 687.520944 650.810074
FRB20190217B 5.291183 10.813440 846.240148 800.340442 809.085918
FRB20190218A 1.733835 1.966080 1285.081155 1253.474782 1262.298808
FRB20190218B 7.138768 13.762560 548.006027 465.902957 482.365113
FRB20190218C 15.005613 1.966080 319.321314 275.496402 282.643393
FRB20190219A 0.893752 2.949120 657.000064 578.237176 561.708617
FRB20190219B 13.092795 17.694720 1680.788903 1642.944585 1650.039093
FRB20190219C 1.647532 3.932160 806.465979 682.156856 684.087226
FRB20190220A 0.922192 1.966080 216.111136 175.028087 181.531119
FRB20190221A 2.846818 2.949120 223.956654 171.298956 172.992223
FRB20190221B 5.153354 4.915200 392.833805 226.311845 238.822016
FRB20190221C 6.219214 15.728639 2041.657995 1821.345245 1669.921370
FRB20190221D 1.467025 1.966080 473.727492 282.595395 183.148199
FRB20190222B 4.961342 21.626882 497.970188 464.715476 475.478818
FRB20190222C 0.911401 1.966080 523.901458 494.434613 497.643201
FRB20190222D 1.078589 1.966080 895.234149 780.125751 806.793612
FRB20190223A 1.778389 2.949120 389.122159 330.571687 331.514073
FRB20190223B 0.622285 1.966080 536.619932 411.935544 372.223095
FRB20190224A 9.848228 18.677759 818.419112 752.472415 748.617667
FRB20190224B 2.094232 1.966080 839.301979 787.777566 791.953966
FRB20190224C 7.368493 6.881280 497.258426 437.422051 429.246165
FRB20190224E 4.209465 0.983040 435.861739 402.605297 411.316893
FRB20190226A 3.176259 1.966080 601.555178 510.050181 493.730405
FRB20190226C 1.602020 2.949120 827.679302 783.063603 791.993940
FRB20190227A 12.968694 3.932160 393.958276 330.437537 327.651038
FRB20190227B 0.627737 1.966080 331.200641 307.289402 308.956621
FRB20190228A 36.162123 27.525122 418.811282 398.610448 399.174468
FRB20190228B 29.377390 25.559036 1115.254698 1044.178534 1036.405435
FRB20190301B 1.211837 2.949120 621.584620 538.387778 521.129992
FRB20190301C 2.958376 9.830401 802.973107 782.449010 791.133256
FRB20190301D 1.723922 3.932160 1160.871501 1107.914977 1111.905837
FRB20190302A 37.263966 113.049609 1033.748841 824.102405 731.821686
FRB20190303B 45.510812 4.915200 193.518862 146.376460 153.314545
FRB20190303C 3.974693 4.915200 1089.572327 1066.609701 1070.423823
FRB20190303D 1.599501 1.966080 711.243410 674.203192 682.291126
FRB20190304A 3.869191 2.949120 483.497583 435.196742 441.143695
FRB20190304B 3.060456 2.949120 469.927730 447.230195 449.697343
FRB20190304C 1.316998 2.949120 564.965730 542.849557 542.485028
FRB20190308C 5.658821 21.626880 500.473706 477.466237 480.401532
FRB20190308C 5.658821 21.626880 500.473706 477.466237 480.401532
FRB20190308B 2.721570 1.966080 180.192217 111.555936 105.599228
FRB20190309A 0.886695 1.966080 356.873670 298.129380 303.899330
FRB20190313B 2.537515 7.864320 1191.160988 1131.225325 1131.219819
FRB20190316A 2.266859 1.966080 515.798455 476.875492 485.174624
FRB20190317A 1.338374 1.966080 1157.226589 1019.389845 964.109049
FRB20190317B 2.289013 1.966080 424.269173 343.510659 326.475552
FRB20190317C 9.159828 17.694720 598.346320 544.375112 543.953819
FRB20190317D 8.500804 7.864320 1117.969492 1084.095842 1091.561758
FRB20190317E 6.883811 4.915200 800.597485 665.505528 695.111826
FRB20190318A 16.116182 12.779520 419.259026 333.550800 318.344615
FRB20190319A 17.810974 8.847360 2039.256037 1931.948465 1898.004878
FRB20190320A 4.439112 4.915200 614.032236 469.810614 399.482679
FRB20190320B 1.771575 3.932160 489.487608 451.917657 458.931681
FRB20190320C 2.885652 3.932160 368.748619 321.680437 331.248402
FRB20190320D 11.190551 47.185921 1139.059210 1095.123181 1101.523663
FRB20190322A 11.065504 23.592962 1060.233192 996.714077 993.030402
FRB20190322B 1.974977 1.966080 577.032977 529.913438 536.324396
FRB20190322C 13.527182 2.949120 1192.001149 1126.325677 1126.054515
FRB20190323A 2.594249 3.932160 857.523750 784.768783 768.853961
FRB20190323B 11.169234 1.966080 789.530492 749.195197 756.432106
FRB20190323C 1.054786 2.949120 381.102498 357.526118 360.863849
FRB20190323D 2.157827 16.711679 763.212335 600.651521 557.344415
FRB20190325A 4.676490 5.898240 359.168524 307.976159 312.505053
FRB20190325B 2.789882 6.881280 1733.708062 1713.768895 1714.465187
FRB20190325C 3.807077 7.864320 797.818771 610.040073 501.072214
FRB20190326A 1.066051 1.966080 283.287427 242.256860 250.257189
FRB20190326B 2.885563 1.966080 814.699097 774.945802 783.212261
FRB20190327A 5.425437 1.966080 346.607751 257.593424 269.974770
FRB20190328A 3.682593 10.813441 1303.668488 1251.817448 1256.245345
FRB20190328B 1.877882 1.966080 564.775502 514.164173 518.900009
FRB20190328C 14.900000 4.915200 472.712574 408.011502 404.998139
FRB20190330A 1.101994 1.966080 508.935216 484.121534 488.517793
FRB20190330B 5.861767 2.949120 668.000189 618.954587 625.704978
FRB20190401A 8.123034 11.796478 783.068767 740.413829 747.189224
FRB20190402A 0.585589 16.711677 1291.344911 1264.940226 1271.394528
FRB20190403G 1.396216 4.915200 865.229001 699.761712 619.245887
FRB20190403A 3.190000 1.966080 518.651009 464.276745 467.352312
FRB20190403B 20.932764 11.796481 292.462156 238.271052 244.478818
FRB20190403C 0.997758 4.915199 934.743437 895.816842 902.748041
FRB20190403D 1.279992 1.966080 613.512298 550.485436 549.521885
FRB20190403E 76.000000 18.677762 225.791574 175.286345 179.839632
FRB20190403F 6.414412 14.745601 664.071306 596.631008 597.430253
FRB20190404A 4.467907 3.932160 1353.655122 1313.546582 1325.962842
FRB20190404B 11.463124 1.966080 489.408417 444.591729 453.420813
FRB20190405A 2.029872 15.728641 424.918106 377.672993 385.242520
FRB20190405B 5.673234 3.932160 1113.710819 1059.939097 1062.873485
FRB20190408A 1.634188 1.966081 863.078307 817.164834 822.735276
FRB20190409A 8.517268 1.966080 1791.869420 1706.983431 1665.645112
FRB20190409B 6.300645 31.457275 285.487818 237.602699 244.202909
FRB20190409C 1.894205 1.966081 674.637519 631.595236 637.675266
FRB20190409D 2.736547 3.932159 1300.104959 1245.593011 1253.578011
FRB20190410A 7.386285 98.303985 283.801433 154.151694 166.040275
FRB20190410B 2.709865 1.966081 642.176469 563.480935 580.401909
FRB20190411A 1.233591 1.966080 460.578541 399.942526 399.686045
FRB20190411B 3.327415 3.932160 1229.478962 1194.191217 1206.870659
FRB20190411C 10.704997 2.949120 233.656982 194.888773 203.310576
FRB20190411C 10.704997 2.949120 233.656982 194.888773 203.310576
FRB20190412A 7.054913 3.932160 364.682035 326.912419 333.809448
FRB20190412B 16.088041 57.999360 375.985436 108.711697 106.824464
FRB20190414A 0.223361 4.915200 811.900065 791.658668 793.367047
FRB20190414B 3.589223 10.813440 506.038251 468.058344 475.180798
FRB20190415A 4.376111 3.932160 633.279351 596.197726 604.193265
FRB20190415B 24.220180 36.372480 723.018132 567.691706 553.267242
FRB20190415C 0.770000 4.920000 650.182000 481.700000 413.800000
FRB20190416A 2.905029 7.864320 2287.109536 2247.927337 2260.197255
FRB20190416B 1.625739 3.932160 575.332181 554.804206 563.477562
FRB20190417B 9.810251 46.202880 1161.183203 1126.165512 1135.063603
FRB20190417C 11.316671 1.966080 320.290230 197.978012 145.936286
FRB20190418A 2.659559 2.949120 184.456478 114.235528 98.447944
FRB20190419A 0.834005 1.966080 439.730864 377.406421 375.880344
FRB20190419B 6.242855 1.966080 165.117253 112.547516 116.428664
FRB20190420B 16.687638 5.898240 846.860883 779.351512 774.291850
FRB20190420A 3.676235 2.949120 608.854061 542.925771 538.346917
FRB20190420C 3.472026 12.779520 630.390895 594.603271 600.790111
FRB20190421B 17.075089 2.949120 392.103688 295.428734 268.778431
FRB20190422B 1.570000 13.760000 977.386000 943.300000 955.700000
FRB20190422A 9.349314 19.660799 452.863092 373.066681 367.134970
FRB20190422A 9.349314 19.660799 452.863092 373.066681 367.134970
FRB20190423A 43.297653 6.881280 242.655788 211.089138 220.213401
FRB20190423A 43.297653 6.881280 242.655788 211.089138 220.213401
FRB20190423B 6.438583 8.847361 584.765532 105.111450 164.516049
FRB20190423C 4.566972 5.898240 855.647028 795.521636 795.523035
FRB20190423D 17.368421 10.813440 496.245294 429.034276 424.527806
FRB20190424A 1.902179 1.966080 758.607904 723.182168 732.247939
FRB20190425A 33.268145 1.966080 128.137281 79.229286 89.232154
FRB20190425B 3.545213 3.932160 1031.559239 978.087384 981.460723
FRB20190426A 1.655827 1.966080 340.593231 284.608393 286.584618
FRB20190427A 10.470857 1.966080 455.828653 370.389735 329.440541
FRB20190428A 7.422478 4.915200 969.429240 942.420469 949.477964
FRB20190429A 1.762055 1.966080 470.860063 413.246311 417.488437
FRB20190429B 6.519946 15.728640 295.603307 253.467052 263.073280
FRB20190430B 1.318815 13.762560 2619.349108 2582.748495 2589.749760
FRB20190430A 3.827998 21.626880 339.651968 282.386946 284.024146
FRB20190501B 3.187051 4.915200 784.007482 740.524538 747.461633
FRB20190501B 3.187051 4.915200 784.007482 740.524538 747.461633
FRB20190502A 11.982541 3.932160 625.724591 590.819086 600.466483
FRB20190502B 10.381997 3.932160 918.537073 884.456978 891.948758
FRB20190502C 4.307765 1.966080 396.876875 348.979157 354.764528
FRB20190515A 16.753274 47.185921 450.433147 293.347754 226.163225
FRB20190515B 13.360596 4.915200 822.237676 789.670495 798.316445
FRB20190515D 8.959845 2.949120 426.042630 378.210399 366.932106
FRB20190516B 8.903782 9.830400 1235.445304 1202.085687 1211.953478
FRB20190517D 5.800000 14.750000 1180.148000 1086.800000 1097.300000
FRB20190517C 8.973404 0.983040 335.496926 148.218239 44.503867
FRB20190518B 1.994958 1.966080 913.703121 887.645688 893.535175
FRB20190518C 17.368556 2.949120 443.941113 402.091798 407.939257
FRB20190518D 2.782076 1.966080 202.470613 148.691856 151.643085
FRB20190518G 1.476757 1.966080 524.887149 461.802738 459.820115
FRB20190519D 0.871696 1.970000 539.771000 509.300000 521.100000
FRB20190519E 1.257067 1.966080 693.628243 666.131168 681.294483
FRB20190519F 4.409858 7.864320 797.551484 755.195957 762.738410
FRB20190519G 19.754181 19.660800 429.919878 356.320040 351.038433
FRB20190519H 1.634382 1.966080 1170.885667 1111.868783 1112.494589
FRB20190519J 0.940387 1.966080 642.694623 586.319802 588.567333
FRB20190520A 2.633297 2.949120 432.411011 352.544850 366.928865
FRB20190527A 18.264372 49.152000 586.156379 552.491350 561.409617
FRB20190527A 18.264372 49.152000 586.156379 552.491350 561.409617
FRB20190527C 21.091131 7.864320 535.486576 461.796120 451.526916
FRB20190529A 1.463641 2.949120 704.390027 538.831560 482.115853
FRB20190530A 1.230732 1.966080 555.319041 415.736336 352.003348
FRB20190531C 1.200000 5.898240 478.037902 345.575423 359.100548
FRB20190531E 6.453634 1.966080 328.088587 295.687217 305.337117
FRB20190601A 2.700000 3.932160 2227.879711 2194.728359 2203.011851
FRB20190601B 7.826795 24.576001 787.832717 745.780966 754.706203
FRB20190601D 5.187545 11.796480 668.368385 604.475298 602.005647
FRB20190601C 5.800000 5.898240 424.006736 239.612772 141.750658
FRB20190601C 5.800000 5.898240 424.006736 239.612772 141.750658
FRB20190603B 2.651601 4.915200 504.238270 403.850378 372.125492
FRB20190604D 2.036884 1.966080 1020.783352 995.949037 1000.331235
FRB20190604E 2.538117 2.949120 1218.578088 1192.499821 1193.316008
FRB20190604C 24.816042 19.660799 515.634888 351.767161 271.145831
FRB20190604G 4.659870 3.932160 233.073227 181.569145 186.216610
FRB20190605C 3.001221 1.966080 187.711948 149.810968 160.222299
FRB20190605D 2.940715 2.949120 1656.662540 1607.660109 1615.845828
FRB20190606B 16.128517 5.898240 277.485827 222.467202 225.262300
FRB20190607C 2.223936 5.898240 310.614234 266.486297 272.773582
FRB20190607A 22.511618 4.915200 562.414538 518.498576 527.285215
FRB20190607B 3.338087 1.966080 289.429464 150.826003 127.143113
FRB20190608A 1.673249 1.966080 722.111755 683.321852 691.304032
FRB20190609A 5.077084 11.796480 316.719105 258.685473 259.558640
FRB20190609A 5.077084 11.796480 316.719105 258.685473 259.558640
FRB20190609B 4.307809 1.966080 292.148318 238.866279 242.478960
FRB20190609D 2.703187 3.932160 511.662916 454.089397 454.310108
FRB20190612A 26.011509 64.880642 432.649659 390.989611 399.167107
FRB20190612B 3.625351 1.966080 187.486470 159.619644 161.607025
FRB20190612C 13.221942 3.932160 1641.495768 1533.499849 1497.881625
FRB20190613A 7.558074 6.881280 714.611099 660.995176 672.138758
FRB20190613B 1.439365 1.966080 285.097652 116.280278 59.617158
FRB20190614A 1.299843 2.949120 1063.949008 1011.069832 1014.863726
FRB20190614B 6.912899 2.949120 581.830396 526.886332 534.913958
FRB20190614C 3.271756 6.881280 589.073822 531.589559 540.077354
FRB20190616A 1.474454 1.966080 212.534830 187.079207 187.775257
FRB20190617A 16.268706 3.932160 195.753606 148.407752 154.257106
FRB20190617B 5.522671 6.881280 272.641094 228.846370 224.023187
FRB20190617C 4.068906 13.762560 639.028613 593.662669 601.711328
FRB20190618A 1.948144 1.966080 228.926484 151.774632 164.742844
FRB20190618B 9.690747 1.966080 503.841898 356.193612 350.025611
FRB20190619A 3.249691 1.966080 899.904209 862.164958 870.969989
FRB20190619B 0.840467 1.966080 270.568380 224.493015 230.358541
FRB20190619C 2.651131 1.966080 488.063632 418.519049 419.655853
FRB20190619D 4.866032 32.440319 378.565236 314.489758 308.389245
FRB20190621B 1.537396 2.949120 1061.169975 1030.274378 1038.580181
FRB20190621C 1.728758 1.966080 570.328136 544.739525 547.863329
FRB20190621D 2.992392 7.864321 647.321497 598.651695 603.770238
FRB20190622A 1.280000 2.949120 1122.837608 1066.088736 1068.230542
FRB20190623A 0.860000 1.966080 1082.131714 1007.688566 1022.220224
FRB20190623B 2.892912 1.966080 1556.841695 1413.095518 1422.066264
FRB20190623C 5.900000 1.966080 1049.930775 1000.513512 1005.677032
FRB20190624A 2.831742 6.881280 973.796167 935.984307 944.572765
FRB20190624B 5.572536 1.966080 213.925591 139.300836 132.802988
FRB20190625A 10.359791 58.982400 302.119415 278.863589 278.813323
FRB20190625C 4.413910 1.966080 442.170548 365.682757 336.659094
FRB20190625D 10.778605 1.966080 717.791032 616.900567 587.848859
FRB20190627A 1.617865 1.966080 404.265032 373.850084 381.711525
FRB20190627B 11.434828 2.949120 430.289444 388.234392 396.636302
FRB20190627C 12.557191 2.949120 968.485724 920.531428 925.754524
FRB20190627D 1.806104 7.864320 2002.119498 1869.821886 1860.809787
FRB20190628A 1.133257 1.966080 745.799080 715.981468 723.904355
FRB20190628B 2.114116 1.966080 407.976406 361.226492 366.660040
FRB20190628C 9.536243 14.745600 1747.850515 1648.243499 1646.694633
FRB20190629A 2.930654 3.932160 503.656344 468.518466 477.014734
FRB20190630B 15.045701 17.694720 652.030659 501.570794 516.951236
FRB20190630C 1.847139 2.949120 1660.251681 1591.984274 1586.209170
FRB20190630D 2.878602 1.966080 323.486111 279.882056 287.377027
FRB20190701A 1.825358 1.966080 637.088347 582.800194 587.785227
FRB20190701B 2.182461 1.966080 749.145935 687.885464 688.262834
FRB20190701C 1.803820 1.966080 973.786437 915.027380 915.647895
FRB20190701D 8.255297 9.830400 933.370992 877.272140 879.295454
FRB20190701E 2.008880 2.949120 890.493537 848.038556 856.944659
FRB20190702C 3.873569 4.915200 1560.940849 1507.384053 1510.470265
FRB20190708A 5.338823 2.949120 849.328875 804.484970 811.969894
FRB20190710B 0.745545 1.966080 260.400780 151.774956 112.409440
FRB20190710C 19.820812 2.949120 763.901572 623.029334 558.259396
FRB20190710A 2.948981 1.966080 203.926040 162.290841 171.376839
FRB20190712A 3.473444 1.966080 682.407569 630.322264 624.705420
FRB20190712B 34.488822 1.966080 372.212017 338.077534 348.133718
FRB20190713A 1.076481 1.966080 334.783929 211.569306 157.534097
FRB20190713B 1.093529 1.966080 416.057395 383.356011 394.913506
FRB20190714D 2.824038 4.915200 1983.871460 1535.128198 1624.816015
FRB20190714C 2.038998 7.864320 1068.294533 1018.796875 1022.576666
FRB20190715C 4.101371 15.728640 880.672432 848.412332 856.308901
FRB20190715B 21.059917 1.966080 182.289222 147.348049 156.535921
FRB20190716D 2.774239 1.966080 651.343433 616.532775 624.344092
FRB20190716B 7.799597 8.847360 256.574706 206.669767 211.364651
FRB20190716A 1.418469 2.949120 481.759483 381.424460 402.402946
FRB20190720B 0.438781 2.949120 687.933828 435.879916 301.658016
FRB20190720A 6.600647 2.949120 432.996398 324.639023 323.460045
FRB20190721D 18.719408 4.915200 542.327561 496.017050 503.719124
FRB20190722B 6.835648 2.949120 508.426464 451.934081 453.755580
FRB20190722A 2.657361 13.762560 251.458747 182.599075 176.484126
FRB20190723A 2.491714 6.881280 366.656406 324.496725 334.022206
FRB20190725A 1.838736 1.966080 363.099015 334.576873 350.675310
FRB20190726A 16.399524 1.966080 288.024604 234.811730 236.779585
FRB20190727B 0.351462 1.966080 729.534957 700.264784 707.954202
FRB20190727A 4.920534 3.932160 596.724666 505.160377 511.019292
FRB20190728A 1.104206 1.966080 384.760762 235.520944 191.523816
FRB20190729A 2.197568 7.864320 618.152837 587.298765 592.461060
FRB20190804D 1.433461 0.983040 416.069446 330.667134 311.320153
FRB20190804C 4.671238 8.847360 648.505696 550.730497 523.280129
FRB20190804B 0.566036 1.966080 716.045409 679.389805 687.353665
FRB20190805D 2.451499 6.881280 261.846664 222.597692 229.513926
FRB20190805C 3.926785 11.796480 1183.230400 1149.000543 1156.354064
FRB20190805E 4.287105 8.847360 321.415107 278.997304 285.277987
FRB20190805E 4.287105 8.847360 321.415107 278.997304 285.277987
FRB20190805A 0.505182 1.966080 773.806666 681.705160 657.028670
FRB20190806C 5.261219 30.474243 1503.086167 1441.736316 1441.680420
FRB20190806C 5.261219 30.474243 1503.086167 1441.736316 1441.680420
FRB20190806C 5.261219 30.474243 1503.086167 1441.736316 1441.680420
FRB20190806B 5.414464 2.949120 849.987229 790.849874 789.394377
FRB20190806B 5.414464 2.949120 849.987229 790.849874 789.394377
FRB20190807B 11.240002 17.694719 396.630485 351.848354 360.090854
FRB20190807A 2.797040 8.847360 1480.583315 1289.788788 1167.499617
FRB20190808A 1.693368 7.864320 793.017032 607.282725 565.083223
FRB20190809C 2.846734 29.491199 832.844479 651.551118 632.225693
FRB20190809B 1.854687 8.847360 1207.997742 1037.481309 949.514741
FRB20190810F 1.583365 1.966080 394.714691 334.739687 344.622086
FRB20190810C 6.208028 3.932160 776.730415 645.231308 620.143811
FRB20190811C 2.429313 1.966080 801.320768 712.679772 682.327076
FRB20190811B 5.886679 14.745601 444.022808 404.882928 414.276558
FRB20190811A 1.084666 1.966080 951.179751 913.919692 921.471782
FRB20190812A 14.243207 1.966080 254.452855 206.072766 213.241531
FRB20190812C 14.667917 1.966080 341.191422 291.810326 300.062775
FRB20190812B 4.202847 6.881279 813.123429 680.981985 675.766211
FRB20190813C 3.647035 3.932159 1921.959709 1873.536528 1879.114485
FRB20190813B 9.147038 5.898239 249.582802 197.606122 201.823765
FRB20190813A 6.789446 4.915200 408.639489 315.923380 290.980488
FRB20190814A 1.516770 1.966080 376.009354 337.096067 344.197023
FRB20190815D 7.996196 1.966080 803.736196 770.266034 777.896458
FRB20190815C 6.049453 1.966080 1494.258626 1407.749407 1388.327465
FRB20190815B 8.630205 4.915200 701.381897 670.585498 678.927178
FRB20190816B 95.023161 3.932160 884.863442 551.979998 635.428735
FRB20190816A 14.565784 6.881281 827.942139 777.030388 781.645237
FRB20190817E 3.663031 5.898239 438.426356 401.848313 409.420346
FRB20190817C 1.392816 1.966080 1047.545137 1013.905781 1022.665945
FRB20190817B 3.596252 18.677757 577.691320 557.653500 558.052732
FRB20190818D 0.583302 5.898240 682.820783 498.509412 491.609811
FRB20190818C 3.549235 2.949120 555.254060 386.352574 284.357010
FRB20190818B 3.629175 3.932159 460.951996 347.692253 303.540735
FRB20190818A 1.403147 1.966080 266.041910 235.417029 244.520455
FRB20190819A 2.223648 1.966080 824.831797 673.476049 661.884779
FRB20190820B 1.732296 1.966080 846.912425 791.746959 801.755249
FRB20190820A 11.207231 15.728641 1526.301682 1025.736237 1009.012810
FRB20190821E 3.940655 3.932159 351.570996 288.123677 294.438645
FRB20190821D 1.269617 2.949120 296.105038 226.013467 232.986083
FRB20190821C 11.519664 3.932160 521.803795 445.276823 433.017636
FRB20190821B 4.504153 1.966080 163.387427 102.315179 103.323230
FRB20190821A 15.541075 13.762561 535.767340 491.058491 497.377809
FRB20190822A 2.031957 4.915200 1625.478912 1600.686903 1605.006302
FRB20190823A 3.452711 5.898239 1440.507937 1389.624953 1394.240714
FRB20190824E 5.173790 14.745598 570.425151 528.080291 536.451347
FRB20190824D 4.063633 1.966081 2288.318267 2211.132281 2198.985488
FRB20190824I 10.594589 1.966081 585.659642 544.567321 554.983548
FRB20190824C 3.662584 1.966080 377.796203 333.329381 339.921930
FRB20190824B 3.582786 33.423371 397.542108 373.640277 377.221501
FRB20190825G 1.119722 1.966080 636.854234 559.599503 549.470534
FRB20190825E 3.198613 1.966081 450.842493 267.232908 209.786269
FRB20190825D 2.724915 21.626877 711.829633 537.797378 492.916248
FRB20190826B 16.722465 2.949121 313.429522 237.673081 226.363686
FRB20190826A 11.803584 18.677757 2310.264083 2256.045265 2259.068479
FRB20190827A 5.528834 11.796478 701.095880 564.709718 500.826834
FRB20190829B 1.508306 5.898240 1398.681117 1267.269976 1258.412241
FRB20190829C 1.208284 1.966080 435.161074 286.724758 246.994910
FRB20190829A 5.850104 3.932160 771.766318 722.903758 728.315377
FRB20190901B 12.440487 1.966080 762.675504 706.415725 717.378267
FRB20190901A 1.244397 1.966080 131.642212 64.276405 55.661008
FRB20190902C 1.793003 1.966080 845.083173 800.520157 806.314115
FRB20190902D 1.745126 1.966080 178.223091 127.203755 135.727142
FRB20190902B 2.201392 1.966080 758.177470 577.354416 485.476211
FRB20190902E 4.026459 1.966080 1660.829471 1496.956725 1403.335113
FRB20190902A 2.651782 3.932160 577.752985 525.047817 528.851815
FRB20190903D 0.920181 1.966080 707.217964 684.533444 684.606558
FRB20190903C 4.826731 1.966080 876.969192 752.442009 739.176236
FRB20190903A 12.308531 1.966080 213.145073 158.787868 161.993013
FRB20190903B 1.580338 1.966080 794.279134 718.452907 696.979905
FRB20190903E 5.757152 1.966080 543.505509 523.208184 524.353190
FRB20190904A 7.028440 20.643840 906.113532 828.767102 794.854667
FRB20190905B 5.143160 2.949120 252.872671 187.165508 201.486854
FRB20190907C 17.999207 3.932160 458.036657 411.233592 416.726873
FRB20190907B 4.436874 2.949120 619.112988 507.224031 466.742119
FRB20190910B 1.801148 1.966080 1048.195305 1016.515855 1024.297996
FRB20190912F 4.511576 4.915200 574.668508 529.584879 535.555944
FRB20190912F 4.511576 4.915200 574.668508 529.584879 535.555944
FRB20190912F 4.511576 4.915200 574.668508 529.584879 535.555944
FRB20190912A 2.957703 1.966080 211.800470 178.747159 182.065431
FRB20190912E 2.766671 1.966080 584.231518 453.580366 422.594619
FRB20190912B 13.498406 5.898240 129.178259 96.165311 104.767005
FRB20190912D 1.647382 1.966080 786.114326 575.880655 434.850165
FRB20190912C 2.307512 1.966080 337.625162 142.665996 13.359136
FRB20190913D 6.916498 23.592960 1084.508320 1032.676049 1036.880162
FRB20190913A 4.651119 2.949120 225.698892 125.879570 95.180802
FRB20190913B 2.009698 12.779520 346.822194 259.908668 236.342354
FRB20190913E 3.067688 4.915200 850.178528 819.987216 827.776631
FRB20190914B 7.184286 8.847360 535.167320 273.693813 255.731055
FRB20190914A 5.818234 7.864320 477.451135 441.695426 451.773824
FRB20190915F 3.453890 1.966080 221.668126 186.850243 190.331564
FRB20190915E 14.261681 7.864320 370.143828 270.127892 239.167589
FRB20190915E 14.261681 7.864320 370.143828 270.127892 239.167589
FRB20190915E 14.261681 7.864320 370.143828 270.127892 239.167589
FRB20190915B 1.697410 1.966080 977.819916 956.633367 958.169080
FRB20190916A 2.625843 3.932160 1085.418753 933.185581 899.689518
FRB20190917A 11.361438 14.745600 525.042472 479.778782 485.515578
FRB20190918F 0.811430 2.949120 768.753647 732.049481 738.920076
FRB20190918E 6.386230 33.423360 541.266902 501.573455 508.944182
FRB20190918D 3.062993 1.966080 673.776340 637.068260 646.400345
FRB20190918C 18.308268 20.643840 469.319858 402.844525 398.672263
FRB20190918B 2.581004 11.796480 485.605607 303.121769 208.953006
FRB20190918A 2.418441 1.966080 1385.737182 1217.880056 1137.719202
FRB20190919D 3.771555 3.932160 407.074784 246.549651 197.672098
FRB20190919C 6.582689 9.830400 657.516703 617.121698 625.360841
FRB20190919B 6.048508 4.915200 1699.198384 1667.655528 1683.440715
FRB20190919A 5.553205 2.949120 1112.447990 1079.471272 1087.067940
FRB20190920A 21.329440 2.949120 841.882875 821.939125 822.163485
FRB20190922A 3.482833 1.966080 199.297732 159.576277 166.062588
FRB20190923A 2.763902 4.915200 523.378185 503.323702 503.944329
FRB20190924A 3.520702 1.966080 497.591073 427.359412 438.105713
FRB20190925B 37.694910 2.949120 722.386713 642.187059 624.355324
FRB20190925E 0.751646 1.966080 367.510970 332.173754 343.689354
FRB20190926D 1.680628 1.966080 1008.268713 897.272256 900.617221
FRB20190926C 1.749517 1.966080 712.641007 657.114668 659.660273
FRB20190927D 4.202072 1.966080 998.778790 895.924714 896.968473
FRB20190927C 3.488287 2.949120 542.135461 378.710352 298.883162
FRB20190927B 2.431774 5.898240 983.677391 943.693603 953.152561
FRB20190927A 2.643615 1.966080 384.504005 348.818123 360.890759
FRB20190928A 2.077228 1.966080 143.146010 100.293678 106.855863
FRB20190929D 2.638538 1.966080 510.963128 406.380280 407.599540
FRB20190929B 2.713176 1.966080 376.968268 213.038146 109.371379
FRB20191009A 1.118581 4.915200 790.009245 755.365538 762.562463
FRB20191010B 3.196042 1.966080 554.013592 279.800391 248.993874
FRB20191010A 4.599507 9.830400 1218.201944 1179.278588 1187.207935
FRB20191012B 0.905723 1.966080 613.850364 579.328200 591.615097
FRB20191013C 3.078814 3.932160 229.148487 194.739175 203.348420
FRB20191013C 3.078814 3.932160 229.148487 194.739175 203.348420
FRB20191014B 2.680262 2.949120 278.165117 168.127648 105.897454
FRB20191014A 3.074066 9.830400 1229.824149 1164.414812 1160.596140
FRB20191015B 3.989489 5.898240 338.694353 303.886432 311.716307
FRB20191015A 3.659180 6.881281 701.914315 664.901674 672.291887
FRB20191016A 0.894672 6.881280 369.729371 327.213394 333.603292
FRB20191016A 0.894672 6.881280 369.729371 327.213394 333.603292
FRB20191017A 1.465852 2.949120 915.106829 883.150924 890.754454
FRB20191018C 52.813515 4.915200 171.496730 117.236445 126.950189
FRB20191018D 1.560027 1.966080 360.435977 252.940682 215.794008
FRB20191018A 3.293490 1.966080 301.349440 252.045011 257.294042
FRB20191019E 0.808671 2.949120 725.145615 668.295600 670.430589
FRB20191019F 7.293596 23.592962 910.028095 780.629132 769.839270
FRB20191019F 7.293596 23.592962 910.028095 780.629132 769.839270
FRB20191019G 13.514347 31.457283 1698.020083 1627.255709 1619.676290
FRB20191019D 1.009753 1.966080 643.213102 621.040079 622.303776
FRB20191019B 4.465088 7.864321 1668.016838 1638.190254 1640.242035
FRB20191019A 20.930397 1.966080 924.366138 790.194325 816.760178
FRB20191020C 1.086232 1.966080 578.026574 541.791862 549.154237
FRB20191021B 6.722462 1.966080 295.911152 251.786075 258.391793
FRB20191021A 14.279416 1.966080 388.666427 337.742574 342.511210
FRB20191023C 4.058012 2.949120 621.067564 575.526294 584.136710
FRB20191023B 3.701743 4.915200 469.059643 428.353346 439.695904
FRB20191023B 3.701743 4.915200 469.059643 428.353346 439.695904
FRB20191023A 2.766511 1.966080 530.540593 500.587606 508.843497
FRB20191024A 1.704330 60.948481 1109.966793 1041.861787 1039.203228
FRB20191024C 1.254608 2.949120 1183.285066 1145.920373 1152.975823
FRB20191025C 0.607274 5.898240 202.205600 120.276397 104.647075
FRB20191025B 6.215667 16.711680 469.656594 384.232114 355.179757
FRB20191025A 5.099800 15.728640 1214.904545 1187.944790 1194.281047
FRB20191028A 1.324744 1.966080 632.042597 502.806507 453.843435
FRB20191029D 5.956383 12.779520 830.450422 808.047377 808.421984
FRB20191029C 1.796864 4.915200 219.776753 197.168774 197.503001
FRB20191030E 4.399381 16.711680 663.881914 603.564568 603.283608
FRB20191030C 3.916243 2.949120 338.023698 303.922793 313.103326
FRB20191101E 1.127582 3.932160 709.639094 654.853503 658.418463
FRB20191101D 3.178539 1.966080 777.150406 736.269701 745.248425
FRB20191101C 2.352534 1.966080 1144.541245 1116.170810 1132.235571
FRB20191101B 0.400657 1.966080 453.321961 424.330874 440.960215
FRB20191101A 14.028348 1.966080 635.795445 608.175622 623.635538
FRB20191102C 12.954382 19.660800 1112.552706 1074.004202 1081.727503
FRB20191102B 1.273863 12.779520 595.622056 544.951952 549.661564
FRB20191102A 0.993658 10.813440 1106.433590 1077.841842 1081.483718
FRB20191103F 0.925306 1.966080 360.932649 269.001679 261.203079
FRB20191103E 3.242555 17.694719 356.344523 302.249422 304.610396
FRB20191103D 2.064485 2.949120 447.607476 393.448508 399.928808
FRB20191103C 0.693935 1.966080 329.343320 309.331048 310.517671
FRB20191103B 7.092840 8.847360 884.853487 856.794870 857.958497
FRB20191104E 1.430516 1.966080 215.782427 155.531328 158.910644
FRB20191104C 1.726698 1.966080 537.983838 462.086202 440.680795
FRB20191104B 1.185929 1.966080 731.936107 697.238478 704.411458
FRB20191104A 0.630953 1.966080 775.462952 736.730245 743.896521
FRB20191105A 9.445333 1.966080 721.274435 669.411795 673.691135
FRB20191105A 9.445333 1.966080 721.274435 669.411795 673.691135
FRB20191106B 3.543514 19.660799 703.233496 660.516813 666.752402
FRB20191106A 1.492699 4.915200 1236.210831 1193.019681 1201.722023
FRB20191108D 1.806977 13.762561 327.643780 276.066488 280.538299
FRB20191108C 0.371036 2.949120 227.755597 191.222196 204.316541
FRB20191108B 1.903318 1.966080 259.167301 212.107897 217.759706
FRB20191109C 1.095734 1.966080 600.430444 554.878262 561.610088
FRB20191109B 1.003497 2.949120 551.564267 527.284856 532.041705
FRB20191110D 2.917532 1.966080 1419.081283 1364.603883 1366.775941
FRB20191110C 0.851967 1.966080 337.741816 292.455873 301.060876
FRB20191113D 1.421678 1.966080 574.133314 499.531258 488.470532
FRB20191113B 2.133118 5.898240 792.258765 754.826410 763.441445
FRB20191114E 9.063717 5.898239 923.321563 867.501164 870.001576
FRB20191114F 5.013739 50.135032 1118.248376 925.800044 849.486463
FRB20191114D 30.180456 9.830398 522.888566 475.336433 481.160306
FRB20191114C 1.043386 2.949120 751.370650 711.273136 718.341020
FRB20191114B 1.803563 6.881281 817.730903 776.717544 785.148256
FRB20191115B 5.012170 1.966080 769.358454 729.476485 740.572795
FRB20191117B 1.468515 1.966080 250.095549 180.661562 184.312330
FRB20191118B 17.458201 40.304643 362.126437 218.600838 176.807309
FRB20191118A 5.035952 22.609917 403.062772 318.626321 290.789721
FRB20191202C 2.059319 2.949120 954.176366 877.988732 868.518821
FRB20191202D 1.789096 3.932160 1097.373974 1044.623195 1048.404083
FRB20191202B 10.187658 1.966080 691.223995 645.434266 651.427476
FRB20191205D 5.183400 4.915200 457.778788 395.879717 394.471458
FRB20191205F 0.874297 1.966080 575.949450 549.130728 555.010003
FRB20191205G 2.668222 7.864320 931.798889 895.180097 902.497241
FRB20191206D 2.116920 0.983040 341.471348 256.667250 238.244123
FRB20191206C 4.843462 12.779520 325.030908 149.804791 60.559511
FRB20191206A 4.546377 1.966080 373.525912 289.511935 305.332365
FRB20191207B 2.642561 13.762560 579.234530 556.446875 558.893990
FRB20191207A 5.077474 1.966080 658.564001 630.589316 631.760136
FRB20191208A 1.200935 3.932160 1011.791454 974.994818 987.251705
FRB20191209D 2.260642 30.474240 2559.676042 2517.515701 2525.798406
FRB20191209C 5.079099 81.592320 294.278460 235.478365 241.620630
FRB20191209B 2.365541 1.966080 910.635883 718.104465 611.409035
FRB20191209A 2.914643 6.881280 989.175108 959.487102 967.071484
FRB20191210B 3.913018 3.932160 379.193428 333.869290 341.134014
FRB20191211A 1.216139 1.966080 322.241033 232.649297 211.866010
FRB20191212E 1.162765 1.966080 427.128962 307.998491 273.596168
FRB20191212F 13.069530 6.881280 712.838696 525.344318 425.587867
FRB20191212D 4.084189 2.949120 539.249180 466.639344 456.382929
FRB20191212C 3.270283 1.966080 146.319914 78.149782 71.474628
FRB20191212B 3.350559 13.762560 907.133370 885.404931 886.150916
FRB20191212A 0.706579 1.966080 776.166083 641.232865 591.183061
FRB20191213C 20.738063 15.728640 571.301335 427.857435 356.421362
FRB20191213D 0.978208 2.949120 750.432143 584.308671 505.595659
FRB20191214B 13.042712 3.932160 738.330330 662.032846 669.958208
FRB20191214A 1.412993 8.847360 675.421230 644.320019 653.485567
FRB20191215C 1.017259 1.966080 260.437326 188.463553 183.557834
FRB20191215B 1.860267 1.966080 538.980252 439.424787 459.975956
FRB20191216A 7.466673 1.966080 629.410698 576.271546 579.906551
FRB20191217E 2.621771 2.949120 434.541153 347.356511 328.081560
FRB20191217D 0.874924 1.966080 1249.451608 1065.075770 970.057662
FRB20191217B 0.799865 3.932160 1428.770665 1391.898405 1398.892653
FRB20191218B 2.773988 5.898240 373.532969 327.710868 336.304788
FRB20191218E 1.234536 1.966080 1292.476318 1236.893519 1241.539516
FRB20191219H 2.357098 2.949120 1781.639762 1740.072415 1747.545355
FRB20191219F 38.785316 1.966080 464.545000 415.148581 420.090476
FRB20191220E 1.878748 1.966080 234.944427 132.264359 122.410371
FRB20191220C 18.623639 8.847360 840.819926 795.622550 804.830572
FRB20191220B 8.449271 35.389443 641.250268 594.705396 601.050045
FRB20191223E 2.613220 1.966080 681.214331 631.718811 636.829597
FRB20191223C 9.206563 1.966080 604.726934 524.680049 538.971819
FRB20191224B 2.202756 5.898239 843.185850 805.847475 813.716037
FRB20191224A 3.076006 1.966080 430.001221 363.346864 359.263551
FRB20191225B 5.946279 10.813438 694.046239 616.871633 594.417040
FRB20191225A 13.814851 1.966080 683.898552 634.755430 639.847042
FRB20191226D 2.495893 1.966080 1633.305304 1494.453238 1434.571426
FRB20191226C 4.604991 0.983040 540.347492 504.670861 514.218256
FRB20191226B 2.584616 4.915199 1589.537468 1558.903414 1568.397817
FRB20191226A 3.234130 1.966080 1072.215800 1032.008027 1037.486910
FRB20191227D 13.871799 78.643188 1070.048614 796.809831 688.239185
FRB20191227C 1.475003 2.949120 541.774027 501.230258 509.097515
FRB20191227B 4.470278 13.762561 780.052812 633.285537 613.136855
FRB20191227E 0.926037 1.966080 496.678292 465.696102 473.497825
FRB20191227A 1.083705 1.966080 275.863598 220.667563 223.108700
FRB20191228D 41.076060 19.660802 370.800859 322.698575 329.929641
FRB20191228C 3.312578 3.932160 388.757975 366.819175 368.977076
FRB20191228B 1.503235 3.932160 1341.166404 1301.513498 1308.424985
FRB20191229B 0.790817 1.966080 938.448185 781.349652 688.366577
FRB20191229A 1.693511 4.915200 970.695301 917.832885 920.261722
FRB20191230D 16.142590 18.677762 1146.552834 931.941570 886.965221
FRB20191230C 4.886281 3.932160 383.978259 321.739559 302.402209
FRB20191230B 10.911061 2.949120 1372.775165 1349.610900 1350.027000
FRB20191230A 34.011788 6.881281 567.768861 285.381115 386.898944
FRB20191231B 3.481191 2.949120 703.164231 515.992825 404.869842
FRB20200102A 3.392146 3.932160 885.988892 834.262651 840.226848
FRB20200105A 15.090854 2.949120 927.258592 853.464684 843.519617
FRB20200106C 4.456771 1.966080 757.857577 684.154506 673.984290
FRB20200106B 2.345811 1.966080 1020.197602 957.448363 955.615153
FRB20200106E 1.620885 1.966080 343.841684 303.213501 314.832168
FRB20200106A 9.381010 1.966080 540.008920 510.699487 518.414710
FRB20200107B 4.900348 39.321613 1168.219048 979.667683 886.143861
FRB20200107A 2.538628 1.966081 127.984338 78.339421 83.231992
FRB20200109F 3.118328 2.949120 497.723169 453.732451 464.091352
FRB20200109E 7.586420 25.559036 1391.302187 1362.307971 1378.986427
FRB20200109A 3.362808 15.728638 809.950120 495.250629 456.226798
FRB20200110B 0.143799 2.949120 495.814396 428.649723 423.662297
FRB20200110A 1.045224 1.966080 580.313465 528.169774 538.576802
FRB20200111D 23.652930 28.508156 532.438160 449.113372 429.626934
FRB20200111A 2.767974 4.915199 580.861241 510.556887 520.350254
FRB20200112E 2.516274 2.949120 913.567514 723.137142 634.446824
FRB20200112D 3.625791 5.898239 863.233605 818.775288 826.264299
FRB20200112C 2.610119 3.932159 776.434024 756.494424 755.109040
FRB20200112B 6.142463 3.932159 867.541437 800.516367 797.863934
FRB20200113C 2.444158 2.949120 1437.312596 1407.413538 1416.276164
FRB20200113B 2.144503 1.966081 374.315570 351.648689 352.000033
FRB20200113A 1.329700 1.966080 632.944109 563.875957 560.743887
FRB20200114C 4.330747 1.966080 1349.022491 1225.974648 1172.471473
FRB20200114B 1.369394 4.915199 685.948264 646.539273 659.431310
FRB20200114A 12.650582 1.966081 695.452450 598.832918 618.742628
FRB20200115D 1.443924 1.966081 376.975021 194.254450 99.927535
FRB20200115C 8.176914 29.491195 769.102358 712.474332 714.853293
FRB20200115B 2.061585 1.966081 351.791266 298.397826 302.124788
FRB20200116D 1.696315 3.932159 1104.586276 1034.763202 1006.751803
FRB20200116B 60.500556 13.762558 327.664248 274.923021 278.689806
FRB20200116B 60.500556 13.762558 327.664248 274.923021 278.689806
FRB20200116B 60.500556 13.762558 327.664248 274.923021 278.689806
FRB20200116B 60.500556 13.762558 327.664248 274.923021 278.689806
FRB20200116B 60.500556 13.762558 327.664248 274.923021 278.689806
FRB20200116B 60.500556 13.762558 327.664248 274.923021 278.689806
FRB20200116B 60.500556 13.762558 327.664248 274.923021 278.689806
FRB20200116B 60.500556 13.762558 327.664248 274.923021 278.689806
FRB20200116B 60.500556 13.762558 327.664248 274.923021 278.689806
FRB20200116A 2.600949 8.847363 367.216640 327.830615 334.631599
FRB20200116E 9.667143 1.966080 170.948042 89.327508 108.918695
FRB20200116E 9.667143 1.966080 170.948042 89.327508 108.918695
FRB20200117C 2.231506 4.915202 893.992132 850.547266 860.517495
FRB20200117B 9.868209 6.881279 527.960743 489.804694 496.603694
FRB20200117B 9.868209 6.881279 527.960743 489.804694 496.603694
FRB20200117A 0.475432 1.966080 213.460611 162.976506 167.926609
FRB20200118F 4.282899 20.643837 495.582640 428.753584 424.197187
FRB20200118E 2.007618 3.932161 955.300425 764.390850 655.964941
FRB20200118C 0.671709 1.966080 308.369681 261.677264 268.851626
FRB20200118A 2.014843 1.966080 919.561971 866.811613 870.638060
FRB20200119D 2.952037 4.915199 943.921541 878.412420 860.260072
FRB20200119C 7.374449 24.575996 859.690625 786.223218 775.887971
FRB20200119A 1.968536 5.898239 248.092686 209.603735 218.974801
FRB20200120I 4.590356 4.915202 708.042961 645.934647 653.596317
FRB20200120G 1.814635 1.966080 709.004957 680.634292 684.628494
FRB20200120F 1.592085 15.728638 942.098585 907.413442 911.770695
FRB20200122L 1.156192 1.966081 400.048861 356.526194 365.694166
FRB20200122K 2.203506 2.949120 630.803468 591.571241 603.272980
FRB20200123A 3.064714 3.932159 573.182348 517.532645 528.402514
FRB20200124E 0.394091 1.966080 649.604735 585.696897 583.350065
FRB20200124D 8.792406 29.491195 2691.271929 2647.916709 2658.079044
FRB20200125E 1.585376 5.898239 351.719818 311.412600 320.110043
FRB20200125D 2.822264 10.813438 1266.576458 1217.822504 1219.400369
FRB20200125C 2.050701 10.813438 445.055315 415.704112 424.149981
FRB20200125C 2.050701 10.813438 445.055315 415.704112 424.149981
FRB20200125C 2.050701 10.813438 445.055315 415.704112 424.149981
FRB20200125B 8.170643 1.966080 512.424259 473.287644 480.742610
FRB20200126D 5.895282 13.762558 1045.123483 978.582146 966.521044
FRB20200126C 3.344536 9.830398 343.408882 288.933012 293.414530
FRB20200126B 2.165082 1.966080 1576.594589 1543.612034 1551.304695
FRB20200126A 1.079175 1.966080 569.891463 480.431400 483.622307
FRB20200127C 1.775121 1.966080 150.098738 97.189450 98.754478
FRB20200127A 12.241768 14.745605 1983.167485 1903.861108 1909.533471
FRB20200128B 9.856432 1.966080 913.955837 777.835636 743.956772
FRB20200128C 11.000278 19.660797 401.007415 367.350004 380.142238
FRB20200128A 7.140737 3.932161 439.575839 394.409366 402.432164
FRB20200129B 3.301279 8.847359 1792.418552 1772.200125 1773.781025
FRB20200129A 3.732220 1.966080 747.775120 657.027831 636.291014
FRB20200130B 1.768179 1.966082 904.336609 815.441221 794.542624
FRB20200130A 26.016782 1.966082 507.446501 460.420794 465.784404
FRB20200131A 3.903028 3.932159 1359.247715 1283.751127 1273.545740
FRB20200131B 3.025480 98.303985 1272.553365 1227.289047 1233.053622
FRB20200201A 0.825100 1.966080 362.536683 307.029463 311.149661
FRB20200202B 24.854869 1.966080 402.950637 341.793416 342.551979
FRB20200203D 1.946308 1.966080 180.004285 149.475204 167.333523
FRB20200203C 2.341333 1.966080 265.075856 234.059245 242.011531
FRB20200203E 2.136963 1.966082 555.892135 492.125951 491.252423
FRB20200203B 11.131669 8.847359 744.177636 407.310548 318.438553
FRB20200203H 1.345671 1.966082 1187.295474 1034.094206 946.074995
FRB20200204A 1.185525 0.983040 370.719873 235.130403 167.584154
FRB20200204I 13.846532 12.779518 805.620693 727.935831 712.930371
FRB20200204H 1.154834 10.813438 301.861396 256.048698 262.209306
FRB20200204K 2.729200 6.881285 411.313235 361.203419 365.860068
FRB20200204G 3.741146 2.949120 456.363893 398.014830 400.349365
FRB20200204F 15.369633 1.966080 420.766248 388.189761 397.930232
FRB20200205D 4.642856 2.949122 881.181165 858.027750 861.910783
FRB20200205B 1.884136 7.864319 940.858204 894.628927 903.852936
FRB20200205A 2.694157 25.559036 781.674231 716.547077 727.260391
FRB20200206B 3.560956 6.881285 389.807287 355.518083 363.502201
FRB20200206A 10.438771 1.966082 331.850508 261.849111 255.754178
FRB20200207A 16.501999 0.983040 506.837279 442.522083 440.031277
FRB20200207A 16.501999 0.983040 506.837279 442.522083 440.031277
FRB20200208A 2.353749 3.932160 514.767244 476.246481 485.813041
FRB20200210B 8.081078 36.372480 1073.130796 880.326488 783.293383
FRB20200210B 8.081078 36.372480 1073.130796 880.326488 783.293383
FRB20200212A 13.428350 0.983040 174.197277 107.033301 103.022683
FRB20200213E 2.138276 1.966080 580.528173 524.827427 527.287922
FRB20200213D 3.095231 1.966080 563.204914 435.700838 430.783099
FRB20200214C 0.742053 2.949120 219.138678 194.363336 198.649077
FRB20200215B 1.614408 9.830401 311.430863 225.413221 206.495572
FRB20200216B 2.490700 2.949120 1319.874763 1282.201774 1291.148331
FRB20200217A 48.387550 46.202878 266.273543 224.514800 230.869795
FRB20200218D 1.148006 1.966080 176.919376 154.254662 156.386737
FRB20200218C 10.563964 8.847361 602.353671 570.372907 578.202124
FRB20200218A 1.514616 1.966080 823.173871 741.876290 756.290328
FRB20200219C 2.414744 1.966080 400.305517 377.643432 380.219486
FRB20200220G 1.417237 1.966080 313.372411 257.756006 260.333439
FRB20200220F 1.440502 1.966080 383.328885 343.398452 351.208403
FRB20200220E 2.914305 1.966080 1500.489854 1444.986442 1446.836267
FRB20200221B 0.365887 2.949120 549.992666 521.810584 528.758488
FRB20200222E 2.198027 1.966080 560.882350 526.252123 533.667809
FRB20200222D 14.348315 1.966080 188.037093 130.863268 126.961739
FRB20200222C 1.736567 1.966080 491.003613 460.073818 468.445425
FRB20200222B 6.598949 4.915200 236.474811 208.161665 210.777629
FRB20200222A 2.407573 5.898240 823.106178 762.793246 765.088631
FRB20200223E 8.099659 1.966080 235.962282 168.438784 163.872822
FRB20200223D 14.040726 0.983040 239.175673 199.295567 205.892092
FRB20200223C 7.443359 28.508162 1065.100035 1015.938032 1020.940994
FRB20200223A 1.317759 1.966080 361.309136 267.492242 266.953385
FRB20200224D 0.649659 3.932159 447.251313 410.534216 417.974882
FRB20200225B 4.863456 76.677108 1469.641962 1351.299718 1331.176217
FRB20200225A 26.189051 24.575996 482.570805 444.317516 451.155480
FRB20200225A 26.189051 24.575996 482.570805 444.317516 451.155480
FRB20200227C 3.983626 9.830400 216.546240 164.548769 173.147994
FRB20200227A 1.736450 1.966080 613.817824 560.867698 569.803984
FRB20200229D 5.460316 25.559039 790.007704 749.677709 758.585255
FRB20200229C 3.758368 25.559041 1753.278904 1717.617589 1725.988802
FRB20200229B 2.877985 1.966080 824.430032 792.016972 801.092804
FRB20200229A 2.506355 18.677760 709.310404 512.331411 388.309456
FRB20200301A 5.271105 11.796480 1280.345215 1233.350920 1239.742465
FRB20200302E 7.408035 18.677759 670.510137 609.822652 610.071023
FRB20200302F 5.829335 12.779520 1712.369007 1675.213516 1688.341157
FRB20200302G 4.815712 11.796480 928.860935 879.253522 884.376445
FRB20200302C 3.741930 2.949120 379.973235 342.125933 348.942129
FRB20200302C 3.741930 2.949120 379.973235 342.125933 348.942129
FRB20200302B 3.002544 4.915200 312.624114 256.726037 261.181188
FRB20200302B 3.002544 4.915200 312.624114 256.726037 261.181188
FRB20200302H 0.982904 1.966080 574.906214 527.894541 535.922082
FRB20200304B 3.243157 2.949120 410.362921 310.061279 279.030661
FRB20200304A 7.354269 10.813440 514.208328 458.157643 460.085990
FRB20200305B 27.557523 1.966080 709.853181 674.511559 673.911561
FRB20200306A 2.450763 1.966080 266.474052 210.189303 212.042447
FRB20200306B 34.080052 59.965438 391.459491 356.006686 363.718328
FRB20200306C 10.200864 1.966080 337.222630 271.780882 285.160207
FRB20200307C 7.765109 1.966080 402.300005 358.202904 367.553931
FRB20200308D 3.796635 4.915200 166.901833 129.578504 140.013605
FRB20200308C 3.319599 1.966080 287.695764 247.806338 257.214777
FRB20200308A 4.777139 2.949120 437.275972 392.096849 399.800194
FRB20200309B 1.855102 1.966080 327.286783 259.767902 250.487313
FRB20200310A 2.950934 1.966080 520.990084 479.838130 490.046841
FRB20200311D 3.954413 7.864319 510.807106 434.718328 421.648645
FRB20200311E 16.995095 25.559042 335.337446 301.053248 308.961745
FRB20200311B 5.429306 5.898240 316.409841 287.981302 290.266229
FRB20200311A 5.323003 1.966080 821.598484 679.018935 658.947923
FRB20200313A 7.085382 8.847361 224.435528 174.648247 182.296895
FRB20200314H 1.052635 9.830398 1127.911235 1031.495755 996.182033
FRB20200314F 2.738445 1.966080 732.394858 709.358588 712.030574
FRB20200314E 3.809346 1.966080 963.096829 938.835865 941.112664
FRB20200314D 5.965093 8.847361 642.676483 609.048555 615.154347
FRB20200314B 2.513246 1.966080 572.105361 517.892040 523.314322
FRB20200315D 6.008342 1.966080 2579.256512 2546.310756 2557.392985
FRB20200315A 43.184691 18.677762 440.479854 355.558111 359.061625
FRB20200315A 43.184691 18.677762 440.479854 355.558111 359.061625
FRB20200316C 1.667670 1.966080 425.132678 380.200074 387.055350
FRB20200316B 3.476137 5.898240 280.139106 242.165025 249.248648
FRB20200316A 2.191399 6.881281 1546.703059 1479.249882 1481.871397
FRB20200317G 1.181088 1.966080 756.032247 698.696803 701.907079
FRB20200317F 8.716094 3.932160 702.819185 668.477128 678.886191
FRB20200317H 0.979175 1.966080 1137.647284 1102.759954 1112.252473
FRB20200317E 1.610034 3.932160 1029.706227 995.773214 1003.842611
FRB20200317C 5.038070 1.966080 281.458740 252.213350 259.746553
FRB20200317C 5.038070 1.966080 281.458740 252.213350 259.746553
FRB20200317B 51.118153 1.966080 216.491395 193.401323 193.163550
FRB20200317A 3.525106 3.932160 697.246327 660.041301 667.052200
FRB20200318B 24.943237 7.864320 269.096527 226.853787 234.201245
FRB20200318B 24.943237 7.864320 269.096527 226.853787 234.201245
FRB20200318B 24.943237 7.864320 269.096527 226.853787 234.201245
FRB20200318B 24.943237 7.864320 269.096527 226.853787 234.201245
FRB20200318A 2.048227 3.932160 531.970573 475.809838 485.882604
FRB20200319B 4.115951 1.966080 712.855504 656.968506 654.743907
FRB20200319A 2.527587 1.966080 607.539620 558.905070 563.851478
FRB20200320E 3.300566 1.966080 657.479642 604.188274 607.729673
FRB20200320D 0.801175 2.949120 584.137357 545.147698 551.941599
FRB20200320C 7.428648 15.728640 235.180396 77.449023 79.012938
FRB20200320B 6.653080 2.949120 588.667863 547.107310 554.475001
FRB20200320A 123.043686 8.847360 594.709406 549.064470 555.669385
FRB20200321F 0.506194 5.898240 1133.915170 1079.481163 1079.566182
FRB20200321E 2.441726 4.915200 801.775528 752.749758 758.723460
FRB20200321E 2.441726 4.915200 801.775528 752.749758 758.723460
FRB20200321D 7.751395 7.864320 387.443781 350.698433 361.137984
FRB20200321C 2.439430 1.966080 982.086422 949.416500 957.368229
FRB20200321B 3.449502 11.796480 1642.784178 1564.845247 1556.548226
FRB20200322C 1.910424 2.949120 662.844610 621.717304 633.467891
FRB20200323G 4.606266 4.915200 627.871246 497.258358 463.901942
FRB20200323F 3.836875 2.949120 389.112682 291.821343 237.008539
FRB20200324H 3.160595 1.966080 1188.971051 1155.793788 1165.961833
FRB20200324G 3.289404 3.932160 1250.257387 1212.427030 1219.155770
FRB20200324F 5.276040 6.881280 539.256384 488.917105 494.165915
FRB20200324E 1.462435 1.966080 436.437986 231.475965 233.534564
FRB20200325A 1.642791 3.932160 738.648693 682.736533 684.886170
FRB20200327G 1.659913 1.966080 479.138526 404.227179 392.822316
FRB20200327F 2.517914 1.966080 628.091997 607.959744 611.902103
FRB20200327E 5.668380 1.966080 208.157236 171.866398 179.852152
FRB20200327D 11.495649 1.966080 739.901917 695.358962 704.034234
FRB20200327C 3.116031 13.762560 1007.707518 921.592392 924.584661
FRB20200327B 13.367899 1.966080 513.707027 467.774259 475.845440
FRB20200327A 5.208676 9.830400 526.440544 468.860318 477.571324
FRB20200328C 13.399638 1.966080 334.276483 290.784689 301.187237
FRB20200328A 7.574428 1.966080 899.940532 698.704645 574.241034
FRB20200329A 4.854570 1.966080 183.441007 140.711858 146.867764
FRB20200330B 2.301709 1.966080 694.409540 647.365244 653.524802
FRB20200401B 42.755828 3.932160 659.802127 494.166482 416.862916
FRB20200401A 6.976232 12.779520 1149.479314 1106.431979 1113.811675
FRB20200401A 6.976232 12.779520 1149.479314 1106.431979 1113.811675
FRB20200405B 10.889172 3.932160 401.812122 369.491287 378.962360
FRB20200412D 2.081640 1.966080 350.953599 325.889187 326.699631
FRB20200412C 4.829046 3.932160 380.685403 344.255597 351.148282
FRB20200412B 9.158687 1.966080 419.170934 380.202304 386.838778
FRB20200412A 1.737865 3.932160 839.385285 755.275240 726.724332
FRB20200415B 2.829280 1.966080 254.495889 157.836704 128.842736
FRB20200415A 0.261227 4.915199 724.411003 605.566253 584.723883
FRB20200416D 6.531532 9.830398 602.625584 534.904089 521.109360
FRB20200416C 2.726641 1.966080 386.776949 318.650410 317.068319
FRB20200416B 6.799305 1.966080 581.120504 453.597475 394.318131
FRB20200416A 9.313550 11.796481 538.558646 330.353172 227.574060
FRB20200417C 2.049397 1.966080 554.174662 494.689095 495.583130
FRB20200417B 2.789140 1.966080 850.330426 805.797786 813.067067
FRB20200418B 3.287804 1.966080 1422.171717 1402.124531 1404.111572
FRB20200419C 16.378084 14.745605 345.244217 309.070187 319.456702
FRB20200420C 1.784734 2.949120 449.448910 370.614444 356.783822
FRB20200420B 8.481694 1.966081 352.542100 249.810100 235.275035
FRB20200421C 3.140931 1.966081 1017.223721 987.762386 995.411923
FRB20200421B 5.705348 41.287674 939.690522 823.486771 846.073564
FRB20200421A 3.737849 1.966081 264.560896 224.258888 231.441014
FRB20200422D 0.998589 0.983040 568.165583 536.270959 550.963369
FRB20200422C 0.857435 0.983040 453.652408 424.153892 428.101244
FRB20200422B 0.410529 0.983040 525.712627 447.578421 434.412800
FRB20200423E 0.756718 6.881279 663.021266 611.356118 615.634431
FRB20200423D 5.565587 1.966080 663.685933 589.994728 605.952664
FRB20200423C 3.951239 17.694717 1002.897033 863.313080 855.161452
FRB20200427C 6.787294 7.864320 551.046396 473.831489 458.177025
FRB20200427B 1.453369 4.915200 576.378813 535.828798 543.461652
FRB20200427A 14.462171 1.966080 308.995727 233.839172 222.650454
FRB20200427A 14.462171 1.966080 308.995727 233.839172 222.650454
FRB20200428E 2.098600 3.932160 470.497676 430.673779 439.076126
FRB20200428C 0.871186 1.966080 1149.960287 1094.290958 1102.672797
FRB20200428B 1.284824 2.949120 654.219011 536.665239 538.009386
FRB20200428A 1.217663 4.915200 1192.102603 1133.981161 1142.258514
FRB20200429D 3.178592 1.966080 765.007554 742.984666 744.008525
FRB20200429C 5.208889 8.847360 846.581472 781.366692 781.395470
FRB20200429C 5.208889 8.847360 846.581472 781.366692 781.395470
FRB20200429B 7.562495 1.966080 678.375003 627.667063 632.334280
FRB20200429A 1.837407 2.949120 268.544237 206.283152 204.986060
FRB20200430D 2.613648 13.762560 845.502931 785.235518 796.935478
FRB20200430C 1.528699 7.864320 503.522902 414.086122 411.578219
FRB20200430C 1.528699 7.864320 503.522902 414.086122 411.578219
FRB20200430B 33.338102 26.542079 798.143562 690.682147 654.648681
FRB20200501C 2.236802 2.949120 187.489076 150.057410 157.604515
FRB20200501B 3.883600 6.881280 1120.975005 1075.248315 1081.264512
FRB20200501A 4.667511 23.592959 469.068603 418.484483 424.267716
FRB20200502A 8.205898 3.932160 412.059712 359.683324 363.643463
FRB20200503B 1.733433 1.966080 674.208221 623.573647 628.432169
FRB20200503A 2.743829 2.949120 799.334242 763.835068 774.585425
FRB20200505B 1.518014 1.966080 760.891299 723.633329 736.732564
FRB20200505A 5.484790 19.660799 704.005141 639.310661 636.298258
FRB20200506E 0.414290 9.830400 1243.738244 1161.367998 1141.933308
FRB20200506D 0.643200 2.949120 990.790052 953.137971 965.927774
FRB20200506C 0.718107 1.966080 1096.901012 1074.294007 1074.320303
FRB20200506B 2.512479 9.830400 1280.453274 1024.221254 997.677219
FRB20200506A 4.660020 10.813440 755.712024 629.550440 607.550678
FRB20200507A 8.612481 2.949120 166.892654 114.289402 123.379193
FRB20200508E 1.737958 1.966080 261.757633 195.295026 193.770531
FRB20200508D 4.533947 5.898240 485.673181 320.912740 318.766941
FRB20200508C 2.130594 1.966080 479.490552 421.044596 421.742410
FRB20200508B 0.246886 1.966080 486.723391 407.622772 390.933184
FRB20200509C 7.950502 17.694717 1038.892223 1000.002798 1009.862506
FRB20200509B 15.518391 20.643842 350.376658 320.762076 328.409982
FRB20200509A 3.283691 9.830401 865.188904 772.361182 747.429204
FRB20200511C 3.405614 9.830401 1835.040394 1715.927121 1706.477781
FRB20200511B 2.520739 7.864321 569.449063 456.012702 411.972423
FRB20200511A 1.613327 1.966080 261.873318 146.233885 99.410117
FRB20200512E 5.474626 15.728641 416.466237 383.317880 391.060119
FRB20200512D 1.556409 11.796481 711.919686 617.829391 638.266553
FRB20200512C 0.598636 1.966080 313.989020 206.889359 193.595463
FRB20200512B 8.362741 5.898240 839.323857 658.127104 581.453206
FRB20200514E 7.680439 8.847359 650.338326 594.558954 597.315347
FRB20200516H 8.731054 22.609920 859.451472 808.670899 813.331287
FRB20200516G 2.730552 1.966080 223.819905 203.761269 204.119037
FRB20200516E 8.708214 3.932160 988.072041 941.536567 950.658903
FRB20200516D 1.781143 1.966080 682.893027 546.534293 577.938807
FRB20200516C 1.903155 4.915200 306.249288 195.916051 155.048224
FRB20200516B 3.378496 0.983040 217.773208 122.576015 95.163937
FRB20200518B 1.470670 6.881280 102.646519 76.421884 79.579422
FRB20200519C 1.997033 1.966080 472.869522 444.238580 451.428777
FRB20200519B 6.348025 1.966080 496.445910 443.510090 447.296624
FRB20200519A 12.316581 1.966080 563.540695 511.134525 518.527984
FRB20200520B 1.873454 1.966080 351.419522 302.667270 308.127482
FRB20200520A 4.530008 8.847360 631.844124 575.920613 584.364388
FRB20200521C 9.382207 6.881280 891.191861 864.373722 868.623624
FRB20200521D 12.591797 24.576002 653.535009 615.465629 622.185641
FRB20200521B 11.447528 6.881281 578.999789 545.327716 548.469075
FRB20200521A 2.941532 1.966080 315.124131 270.960563 279.471548
FRB20200522B 10.758741 19.660802 1400.482738 1349.422052 1353.774066
FRB20200522A 9.060782 1.966080 605.950254 553.524230 562.922541
FRB20200523E 1.293440 1.966080 560.487119 527.859168 537.936465
FRB20200523D 3.776485 5.898240 1425.120333 1402.801518 1402.383212
FRB20200523C 0.844954 1.966080 353.479110 295.223733 297.659214
FRB20200523B 12.016412 4.915200 450.056537 305.977423 249.981349
FRB20200524A 5.362382 3.932160 715.130259 678.751948 687.564973
FRB20200525C 1.595682 1.966080 339.623226 305.787319 314.766300
FRB20200525B 7.747065 4.915200 243.512549 216.043009 217.367812
FRB20200525B 7.747065 4.915200 243.512549 216.043009 217.367812
FRB20200525A 6.892651 2.949120 471.321631 432.937427 439.780439
FRB20200530A 1.671770 4.915200 323.982248 290.428450 297.869249
FRB20200530B 2.293590 5.898240 486.973297 429.511552 437.045404
FRB20200530C 7.012880 15.728640 340.260666 302.686282 311.720599
FRB20200603B 11.128488 15.728640 295.097188 252.992421 260.979152
FRB20200603B 11.128488 15.728640 295.097188 252.992421 260.979152
FRB20200603B 11.128488 15.728640 295.097188 252.992421 260.979152
FRB20200603A 8.092798 12.779520 1158.516885 1097.606225 1104.274420
FRB20200606B 3.494120 20.643840 434.263173 394.141157 401.207469
FRB20200606A 16.115385 14.745600 723.133557 676.390567 684.287131
FRB20200607E 0.552449 3.932160 220.150753 195.249809 195.971957
FRB20200607D 3.708599 3.932160 519.105688 470.491889 480.018995
FRB20200607B 2.424310 13.762560 427.831415 373.130223 376.718810
FRB20200608A 1.631076 1.966080 705.792217 685.415221 685.837264
FRB20200609D 2.434918 1.966080 895.037716 855.568888 864.071432
FRB20200609C 6.491751 40.304640 389.851309 317.991155 312.587646
FRB20200609B 0.746609 3.932160 325.463888 184.340791 218.699825
FRB20200609A 20.211366 1.966080 478.738876 431.826106 435.939755
FRB20200610B 2.384640 3.932160 947.841626 799.713540 813.284509
FRB20200610A 1.557708 1.966080 637.618374 448.022628 353.750240
FRB20200612A 11.597300 43.253761 707.404792 597.714212 612.757026
FRB20200613B 7.234343 9.830400 506.794387 457.803322 464.558618
FRB20200615D 6.718002 17.694721 334.565313 287.179253 292.607552
FRB20200615C 38.983203 7.864321 318.711110 283.282048 287.614299
FRB20200615C 38.983203 7.864321 318.711110 283.282048 287.614299
FRB20200615B 2.712026 1.966080 781.822899 730.713842 740.575659
FRB20200615A 3.191313 1.966080 211.587910 163.589441 172.093593
FRB20200616B 3.843147 1.966080 748.519875 692.102897 700.381645
FRB20200617B 1.547573 1.966080 597.417582 549.081958 554.248712
FRB20200617A 6.816273 1.966080 475.678844 414.549112 416.694733
FRB20200618A 1.297776 1.966080 671.470509 548.163720 565.344109
FRB20200620D 1.538593 1.966080 615.611270 588.733784 595.235352
FRB20200620C 1.312169 1.966080 367.441292 334.754469 342.671501
FRB20200620A 1.154719 6.881281 1475.083935 1288.786115 1198.470536
FRB20200621B 10.126892 8.847361 640.426458 605.879148 613.133831
FRB20200623A 6.660210 2.949120 981.480640 948.703202 958.010136
FRB20200624D 1.998036 1.966080 322.443863 293.673023 301.729118
FRB20200624C 1.660796 1.966080 403.114655 379.006614 382.907364
FRB20200624B 2.012265 1.966080 245.001369 198.201795 205.545263
FRB20200624A 3.048928 1.966080 1013.155379 963.106792 968.045410
FRB20200625A 18.101994 47.185920 914.181066 863.158534 873.015559
FRB20200626B 2.358010 3.932160 1728.734037 1656.259788 1647.393139
FRB20200626A 1.837415 4.915200 1580.135648 1400.375076 1317.987857
FRB20200627E 8.089696 1.966080 217.249364 179.139819 187.102066
FRB20200627D 0.812629 1.966080 201.889545 143.742251 146.319945
FRB20200627C 0.762146 1.966080 1133.174300 1062.831000 1063.759940
FRB20200627B 8.079230 15.728639 1183.443651 1139.665011 1149.840071
FRB20200627F 0.436631 1.966080 825.611968 790.682511 802.863942
FRB20200628D 5.619528 2.949120 414.549563 389.761671 392.830376
FRB20200628C 2.768020 6.881280 637.883194 599.570168 606.446022
FRB20200628B 1.364549 1.966080 251.904211 164.426435 143.921886
FRB20200629E 2.411481 1.966080 714.006301 675.243466 682.472968
FRB20200629D 1.913844 1.966080 1055.634803 1017.322440 1024.685820
FRB20200629B 2.371097 3.932160 881.915637 786.745317 773.696730
FRB20200629A 25.457720 52.101121 1157.463143 1106.576317 1111.525709
FRB20200701H 0.856890 2.949120 1505.654579 1473.187669 1482.874826
FRB20200701G 0.485638 6.881280 345.350806 314.971816 319.250860
FRB20200701F 1.143719 1.966080 573.124521 524.991708 530.316604
FRB20200701E 0.273953 1.966080 1212.944394 1158.285609 1161.254227
FRB20200701D 4.315719 21.626880 542.629051 366.042397 257.360863
FRB20200701C 24.293241 43.253760 896.454878 835.315563 844.283999
FRB20200702D 4.637992 3.932160 319.738363 233.372171 246.946773
FRB20200702A 1.595679 1.966080 298.830903 226.877015 234.541795
FRB20200703A 3.753954 18.677760 1003.495185 954.551137 960.548468
FRB20200704A 6.809830 7.864320 1148.684300 1118.154888 1126.061083
FRB20200705D 4.669585 3.932160 365.150660 339.059104 344.541190
FRB20200705C 1.834232 3.932160 1101.763181 1069.583685 1072.811498
FRB20200705A 0.923425 1.966080 1231.383400 1079.584959 1120.314869
FRB20200706A 11.985797 15.728640 399.592838 345.747142 349.455636
FRB20200706A 11.985797 15.728640 399.592838 345.747142 349.455636
FRB20200706A 11.985797 15.728640 399.592838 345.747142 349.455636
FRB20200706A 11.985797 15.728640 399.592838 345.747142 349.455636
FRB20200708D 7.015145 4.915200 1006.333361 883.071862 839.974647
FRB20200708C 4.998929 34.406400 537.948996 488.006799 497.249155
FRB20200708B 4.629119 12.779520 425.262133 323.010925 330.385441
FRB20200708A 14.164548 65.863682 842.451534 644.790192 569.042718
FRB20200709B 1.475863 1.966080 336.992991 293.434567 303.471434
FRB20200710C 2.727867 4.915200 867.144847 831.044718 838.227564
FRB20200710B 3.850439 11.796480 350.779424 314.253897 319.116470
FRB20200710A 6.143469 10.813440 524.247808 414.946270 409.118051
FRB20200710D 18.695318 2.949120 608.789560 562.128407 569.745170
FRB20200711F 22.844617 1.966080 527.648309 500.834773 507.137439
FRB20200711E 0.998733 8.847360 691.593759 558.674608 499.163681
FRB20200711D 3.414613 2.949120 437.044760 320.150145 321.226596
FRB20200711C 0.931874 1.966080 1548.569210 1444.905508 1409.575332
FRB20200711B 3.945746 5.898240 1349.969596 1189.424245 1108.291374
FRB20200711A 2.048739 1.966080 485.538133 443.157923 454.476290
FRB20200712A 3.091432 8.847360 1397.917970 1362.348590 1373.609223
FRB20200713B 14.517746 16.711679 976.076321 942.677020 946.853854
FRB20200713C 3.619080 0.983040 202.297314 153.442693 158.366284
FRB20200713A 0.650448 1.966080 1013.374172 961.148146 965.093069
FRB20200714C 2.514973 48.168964 466.676352 446.578611 449.035513
FRB20200714B 6.108303 28.508159 1526.404711 1487.444283 1494.824618
FRB20200714A 9.124025 2.949120 452.771510 405.665177 405.073355
FRB20200715C 2.279732 2.949120 190.849419 163.936500 165.580686
FRB20200715B 2.754579 1.966080 653.413188 565.123479 565.318908
FRB20200715A 17.896010 1.966080 648.758083 603.403669 612.333094
FRB20200716A 13.145559 1.966080 987.356277 955.050439 965.607008
FRB20200717B 22.872400 1.966080 295.142718 109.520407 7.095113
FRB20200717A 5.463277 2.949120 337.911448 202.952617 149.651970
FRB20200717E 4.163048 33.423359 452.844275 419.976350 429.601231
FRB20200718D 5.251597 3.932160 146.619405 114.727244 119.672223
FRB20200718C 0.297757 1.966080 177.944554 132.191670 140.585615
FRB20200718B 0.757898 1.966080 361.807172 298.991753 297.453671
FRB20200719B 1.138507 3.932159 705.002977 612.628729 587.498152
FRB20200720B 4.131620 22.609922 667.362819 579.029074 581.628343
FRB20200720A 1.839211 4.915199 810.343067 776.773528 786.339860
FRB20200721D 2.494323 2.949120 1106.601038 992.753813 948.139268
FRB20200721C 1.791111 1.966080 429.396540 403.561328 408.677653
FRB20200721B 1.475770 1.966080 488.969289 440.924075 446.792968
FRB20200721A 1.958672 4.915200 1740.773296 1702.066929 1709.923833
FRB20200721E 0.388826 3.932160 641.165350 579.508845 578.368979
FRB20200722C 2.956727 1.966080 880.940215 817.283709 814.988999
FRB20200722B 2.638870 1.966080 2157.473720 2108.599256 2110.671521
FRB20200722A 1.286518 9.830398 220.732657 191.569406 200.328364
FRB20200723B 792.864386 125.829130 244.030709 210.740642 219.475338
FRB20200723A 1.142820 1.966080 308.714593 220.128814 243.478405
FRB20200724C 3.106984 9.830401 210.526487 185.620039 190.376073
FRB20200724B 1.956457 51.118084 249.054776 211.206277 218.287965
FRB20200725A 6.183898 15.728641 675.361535 560.870582 501.031406
FRB20200726F 6.486413 13.762561 216.242028 182.844323 190.308703
FRB20200726E 5.804354 4.915199 541.421318 484.883885 487.050721
FRB20200726B 1.030033 1.966080 566.266267 521.895726 530.746388
FRB20200727A 0.580399 4.915200 1279.653954 1242.152394 1249.018183
FRB20200728A 5.842727 31.457275 1274.964266 1208.569225 1203.265264
FRB20200729B 2.431614 2.949120 316.490111 197.679254 151.018002
FRB20200801B 2.773837 1.966080 782.933825 739.908603 748.185418
FRB20200801D 3.617482 14.745598 354.593441 241.410143 198.298569
FRB20200804A 5.084900 1.966080 470.049239 431.839598 440.333216
FRB20200805A 0.350525 1.966080 432.566087 387.795207 393.960462
FRB20200806B 5.120256 14.745600 2765.858348 2539.276530 2434.167308
FRB20200806A 2.608866 11.796480 214.966414 193.591472 195.035198
FRB20200806A 2.608866 11.796480 214.966414 193.591472 195.035198
FRB20200807C 1.464292 1.966080 768.824569 737.611960 745.371256
FRB20200807B 5.467300 5.898240 1012.357999 770.273555 823.159753
FRB20200807A 8.449165 51.118080 390.606594 304.008311 286.585975
FRB20200808B 6.131568 1.966080 780.596014 723.627706 725.978143
FRB20200808A 2.653262 1.966080 438.654733 401.056921 413.994166
FRB20200809F 1.792631 3.932160 1241.269241 1194.256685 1200.163382
FRB20200809D 4.816145 26.542080 401.844018 304.807118 296.719947
FRB20200809C 1.423874 1.966080 649.282918 593.312207 595.754849
FRB20200809B 2.243301 0.983040 365.706114 306.797593 307.944693
FRB20200809A 1.017740 23.592961 597.331130 567.183465 577.673053
FRB20200810B 1.504830 4.915200 574.404152 415.626312 329.550931
FRB20200810A 1.276448 3.932160 920.975934 863.121344 863.520022
FRB20200811A 2.194949 5.898240 1445.218831 1381.897329 1375.603378
FRB20200812B 3.748300 14.745600 723.127940 675.245235 680.550762
FRB20200812A 9.719798 23.592961 399.055302 200.590039 203.321905
FRB20200813D 7.973507 2.949120 190.782741 137.642549 141.309860
FRB20200813C 3.565411 19.660799 483.375640 368.061840 379.548528
FRB20200813B 1.198959 1.966080 221.062508 125.312165 110.403337
FRB20200813A 1.546938 1.966080 442.692281 410.885613 419.445281
FRB20200814F 1.526104 2.949120 418.632364 377.858299 384.651858
FRB20200814E 8.720491 4.915200 396.359692 344.952481 349.193532
FRB20200814D 0.903882 1.966080 654.816384 600.148762 602.991091
FRB20200814C 1.284886 6.881281 801.585799 746.232048 748.177122
FRB20200814B 4.529258 4.915200 937.606168 904.227281 913.839430
FRB20200814A 5.673166 1.966080 1184.871184 1148.680777 1156.623490
FRB20200815A 3.942952 24.576002 700.076893 540.386269 497.496780
FRB20200816B 10.898329 4.915200 971.987444 465.683613 644.058638
FRB20200816A 3.036428 14.745601 283.454345 246.864236 254.872426
FRB20200817A 1.248626 1.966080 487.252839 431.825733 434.622519
FRB20200819A 2.943780 1.966080 444.859259 366.686083 353.606595
FRB20200822A 1.994219 1.966080 1040.819512 980.216221 979.991149
FRB20200823B 3.724700 1.966080 538.612990 449.625400 432.252444
FRB20200823A 2.015715 2.949120 640.860643 471.238426 383.197542
FRB20200824D 1.723200 1.966080 831.476091 762.395589 776.118489
FRB20200824B 2.730473 3.932159 1357.933430 1322.947586 1334.793113
FRB20200824A 4.465818 3.932160 1061.951364 1011.228792 1015.812876
FRB20200825A 2.431219 4.915200 678.229806 538.642687 482.185130
FRB20200826C 1.610838 1.966080 751.869796 725.072867 726.515455
FRB20200826B 1.929320 1.966080 927.578664 888.665218 896.106163
FRB20200826A 0.953474 3.932160 575.319144 506.836473 500.865036
FRB20200828E 2.796492 4.915200 416.355883 365.012855 369.436240
FRB20200828D 17.759093 15.728640 1516.546145 1354.817556 1257.961707
FRB20200828C 15.918277 35.389441 701.124281 558.615958 488.328686
FRB20200828B 2.956368 16.711680 1046.979449 870.291374 780.799134
FRB20200828A 3.179498 7.864320 561.339590 510.006457 514.531498
FRB20200830B 7.792494 19.660799 574.786119 544.365005 553.732768
FRB20200830A 0.544777 1.966080 293.811290 269.261417 273.699593
FRB20200831A 16.617732 22.609922 976.581403 923.966540 933.755163
FRB20200831A 16.617732 22.609922 976.581403 923.966540 933.755163
FRB20200901A 4.690880 15.728639 306.007019 207.464103 181.232799
FRB20200902C 3.618322 17.694721 1635.989260 1552.861021 1539.964179
FRB20200902B 2.395432 3.932160 1612.088024 1575.467939 1583.206509
FRB20200902A 5.300317 4.915200 360.775134 337.086336 340.559885
FRB20200903D 4.267588 5.898240 1277.153027 1125.014650 1125.747114
FRB20200903C 1.441112 1.966080 571.231471 506.355372 513.363113
FRB20200904C 12.349100 18.677760 601.600903 568.993591 578.029756
FRB20200904A 3.857112 1.966080 422.123241 354.400834 349.149497
FRB20200905A 1.150166 1.966080 1144.803528 1076.251828 1071.682120
FRB20200908B 2.920473 1.966080 885.560841 837.975664 842.756273
FRB20200908A 6.587869 17.694720 1117.321751 1066.008686 1070.448726
FRB20200909C 2.914243 1.966080 413.095364 322.627457 339.823157
FRB20200909B 39.054846 7.864320 488.830000 399.144667 377.798875
FRB20200910B 2.926734 4.915200 683.948803 634.716279 643.635613
FRB20200910A 0.311226 3.932160 1701.762277 1589.408523 1551.648535
FRB20200912A 4.866337 7.864320 687.654403 655.081310 664.807505
FRB20200913B 1.650183 5.898240 500.785732 464.546677 472.844934
FRB20200913A 6.476536 1.966080 302.491151 266.605288 276.900195
FRB20200914B 2.186119 4.915200 1710.900225 1631.211025 1641.361900
FRB20200915C 4.306649 8.847360 882.484928 795.595815 804.233290
FRB20200915B 4.712652 60.948478 1208.849407 1141.284916 1150.103347
FRB20200915D 2.006695 3.932160 758.198157 535.176495 389.158314
FRB20200916C 1.621827 1.966080 776.964266 666.187052 683.141146
FRB20200916B 1.921634 1.966080 338.915800 274.418284 276.366381
FRB20200916A 2.107173 13.762560 2335.711169 2304.847989 2313.289893
FRB20200917C 1.883057 4.915200 1268.475609 1189.433617 1194.147542
FRB20200917A 6.028620 6.881280 883.299920 803.985733 793.419501
FRB20200917B 5.696674 9.830400 1197.470675 937.479473 796.078186
FRB20200918C 2.060444 4.915200 616.677805 555.383137 564.086296
FRB20200918A 1.435184 1.966080 314.444191 288.190206 289.529794
FRB20200919C 4.850529 1.966080 680.659735 634.757239 643.363906
FRB20200919A 1.725128 3.932160 381.589817 358.173761 360.579092
FRB20200920B 3.831311 4.915200 1070.475888 1023.504882 1030.629808
FRB20200921C 0.964118 1.966080 357.186405 275.329302 264.849921
FRB20200921B 6.548901 1.966080 1582.068335 1452.876672 1398.903101
FRB20200921A 7.102106 1.966080 465.270000 434.495796 442.435711
FRB20200922C 2.345144 1.966080 498.137990 442.455478 431.083680
FRB20200922B 13.270774 49.152001 440.884015 387.080029 390.467234
FRB20200922A 2.806506 1.966080 416.745791 396.612391 401.482322
FRB20200923C 2.117422 1.966080 692.872635 637.841285 641.951976
FRB20200923B 3.156326 10.813440 1467.531652 1307.471305 1235.215072
FRB20200923A 1.129408 0.983040 512.104551 463.198214 468.930629
FRB20200924A 5.987523 29.491200 1835.257377 1813.110452 1812.736371
FRB20200925B 1.134979 1.966080 733.485693 674.621172 682.153996
FRB20200925A 1.107006 1.966080 540.716523 489.350917 495.994066
FRB20200927D 7.098039 22.609920 326.194858 133.933192 37.128887
FRB20200927C 3.575647 1.966080 1383.587868 1345.465194 1354.686241
FRB20200927B 1.820966 1.966080 372.126067 337.346607 345.064506
FRB20200927A 1.884058 3.932160 1378.285716 1356.513262 1356.254008
FRB20200928B 4.009619 2.949120 1691.258679 1643.283672 1650.911924
FRB20200928A 5.097464 1.966080 1633.192974 1559.339669 1560.644949
FRB20200929B 0.919882 1.966080 234.848506 188.723265 194.728953
FRB20200929A 2.252605 1.966080 821.375492 727.524013 701.445943
FRB20200929E 3.947765 58.982398 1416.928616 1368.393130 1373.820721
FRB20200930A 1.923063 1.966080 851.581730 803.083865 809.050443
FRB20201001B 0.959353 1.966080 1046.160420 1005.735539 1014.707280
FRB20201001A 0.869055 6.881280 1030.223350 974.982292 977.101546
FRB20201002B 1.425289 1.966080 349.329362 279.864464 273.256381
FRB20201002A 6.672571 7.864320 672.483250 642.396849 644.992009
FRB20201003B 8.732784 3.932160 453.610815 306.883780 226.396915
FRB20201003A 4.123376 6.881280 516.329167 473.237722 479.661155
FRB20201004A 8.611079 4.915200 1108.678701 1072.230061 1080.455195
FRB20201007A 1.406706 1.966080 452.370224 392.206429 392.489321
FRB20201008A 35.412521 1.966080 290.242204 188.850845 155.610541
FRB20201009A 4.359370 1.966080 938.499133 893.618718 901.139832
FRB20201010D 1.709478 3.932160 1271.006451 1219.920401 1224.732885
FRB20201010C 3.573001 18.677760 1654.561536 1604.086450 1609.258962
FRB20201010B 30.692582 2.949120 256.021326 208.271618 215.513355
FRB20201010B 30.692582 2.949120 256.021326 208.271618 215.513355
FRB20201010A 12.883443 37.355520 1333.877207 1313.915997 1314.627600
FRB20201011A 1.901320 0.983040 301.582234 265.749587 273.283433
FRB20201013A 5.864278 24.576000 1505.538924 1449.773047 1451.946798
FRB20201014A 1.201636 1.966080 503.981582 467.540588 477.746226
FRB20201015B 88.197633 2.949120 173.792000 118.472135 102.060693
FRB20201015A 2.318835 2.949120 308.315456 277.021940 284.885187
FRB20201015A 2.318835 2.949120 308.315456 277.021940 284.885187
FRB20201016A 0.935412 2.949120 421.142944 373.342225 380.126442
FRB20201017G 5.464394 2.949120 729.880596 480.705980 465.302311
FRB20201017F 3.222826 3.932160 430.527888 142.121819 29.191944
FRB20201017E 3.500631 1.966080 806.879337 772.147769 780.298535
FRB20201017D 3.458859 9.830400 271.132589 118.317791 32.016786
FRB20201017C 6.974588 4.915200 732.058354 612.757730 585.304380
FRB20201017A 1.601171 2.949120 773.725863 696.111182 680.912285
FRB20201018D 2.128075 3.932160 813.816744 698.049183 653.469280
FRB20201018A 8.141100 8.847360 848.334394 820.021349 826.948161
FRB20201018A 8.141100 8.847360 848.334394 820.021349 826.948161
FRB20201019B 2.004843 1.966080 291.827340 254.810363 262.005473
FRB20201022C 1.033047 1.966080 553.270597 384.926207 372.838294
FRB20201022A 2.314368 1.966080 1377.419147 1295.090068 1282.210646
FRB20201023D 16.545073 2.949120 837.377931 785.389194 793.470106
FRB20201023A 3.738415 20.643842 949.654490 892.911006 889.398222
FRB20201024A 1.002017 3.932160 400.398465 172.734817 200.984535
FRB20201026F 4.579115 3.932160 815.317324 784.043664 793.970775
FRB20201026E 0.820219 1.966080 804.735465 729.084824 707.925077
FRB20201026D 2.065349 1.966080 627.536382 527.699118 498.419651
FRB20201026C 14.826555 3.932160 621.019031 572.657814 576.603614
FRB20201026B 1.997904 9.830401 141.147434 110.070597 120.322469
FRB20201026A 2.141380 1.966080 690.512286 656.011329 663.240829
FRB20201027A 1.158272 1.966080 586.391752 521.957158 520.308606
FRB20201028A 7.836047 2.949120 267.191041 205.866937 204.886251
FRB20201029C 15.952131 2.949120 502.504346 387.995622 348.510405
FRB20201029B 3.014875 4.915199 313.645716 278.857707 291.902423
FRB20201029A 3.487112 4.915199 608.724729 580.508337 587.369148
FRB20201030C 1.117406 3.932159 974.112026 900.513144 895.378241
FRB20201030A 6.922456 1.966080 696.589752 639.974891 645.613830
FRB20201031C 3.285061 1.966080 901.735405 839.523075 838.696743
FRB20201031B 18.732492 4.915199 819.573670 798.795042 799.900842
FRB20201031A 4.119582 3.932160 459.535573 420.761828 427.914698
FRB20201031D 1.341129 4.915199 1486.459079 1449.406337 1456.347225
FRB20201101B 1.744202 1.966080 141.639728 83.357310 87.710446
FRB20201101A 1.163423 2.949120 406.594762 374.511846 382.983797
FRB20201102C 6.940699 1.966080 673.596246 441.175024 435.045086
FRB20201102B 97.725675 8.847361 411.421707 227.626063 277.335196
FRB20201102B 97.725675 8.847361 411.421707 227.626063 277.335196
FRB20201102B 97.725675 8.847361 411.421707 227.626063 277.335196
FRB20201102A 0.235893 2.949120 844.569896 806.134124 816.085979
FRB20201103C 47.789419 30.474235 525.916805 463.453375 467.275996
FRB20201103B 2.462105 31.457275 1121.079098 1069.037821 1073.397352
FRB20201104B 4.557001 1.966080 364.155015 325.683752 335.684049
FRB20201104A 2.167102 2.949120 320.487686 144.382049 105.330393
FRB20201105C 1.164540 1.966080 572.605118 477.561018 488.314545
FRB20201105A 0.916847 1.966080 581.472465 535.894558 542.355212
FRB20201105D 6.006360 4.915199 695.603588 512.359405 410.537653
FRB20201107B 0.645779 2.949121 528.073998 401.954634 372.706224
FRB20201107A 2.674976 2.949120 657.878690 618.705021 625.744420
FRB20201108C 1.017231 1.966080 1267.646414 1195.594237 1197.376786
FRB20201108B 2.474890 1.966080 987.521421 948.873183 961.741541
FRB20201108A 6.709346 2.949121 402.973503 361.902211 368.581697
FRB20201109B 3.886061 1.966080 687.968799 563.039104 516.576472
FRB20201109A 1.983104 1.966081 752.026358 723.965943 729.840994
FRB20201110B 2.193933 32.440315 765.848818 591.401974 504.721747
FRB20201110A 1.080479 2.949120 1142.389337 1102.065400 1113.043078
FRB20201111B 1.148470 1.966081 424.246068 261.090318 168.889141
FRB20201112B 4.236854 1.966081 1728.544746 1658.971833 1652.296451
FRB20201112A 3.273184 3.932159 320.739737 267.149601 270.604585
FRB20201113B 3.515105 1.966081 374.314019 231.764691 239.085426
FRB20201113A 2.377565 18.677766 378.135523 333.125993 341.521022
FRB20201115B 6.150357 9.830400 763.271673 709.487477 712.428556
FRB20201115A 7.485306 5.898240 304.898769 266.026998 279.021299
FRB20201116A 3.690746 1.966080 343.884812 308.343661 315.566285
FRB20201117A 1.673841 2.949120 1322.462009 1301.839460 1302.942369
FRB20201118B 6.700714 1.966080 417.239710 381.250849 389.590156
FRB20201118C 0.969679 5.898240 875.600722 815.661531 814.081562
FRB20201118A 2.066610 14.745600 494.082060 448.884337 458.014128
FRB20201119A 1.026743 1.966080 718.270035 688.447962 705.707673
FRB20201120C 110.813602 42.270721 273.994734 161.950974 120.581246
FRB20201120B 3.519401 12.779520 916.723293 880.117099 890.708780
FRB20201120A 8.989806 2.949120 291.262684 251.701537 260.164911
FRB20201121A 4.663378 3.932160 900.763454 864.527580 872.348678
FRB20201122A 2.610225 1.966080 867.462503 816.934401 822.072281
FRB20201123F 0.322953 1.966080 120.908554 67.488744 70.186887
FRB20201123C 1.161122 1.966080 489.228193 447.254423 457.424664
FRB20201123B 0.590916 18.677760 643.521304 620.845326 623.389308
FRB20201123E 3.498662 8.847360 1088.601146 1039.498037 1044.628258
FRB20201124D 26.235583 3.932160 259.496453 222.338995 232.775004
FRB20201124C 6.156548 3.932160 1813.402872 1784.238280 1792.502472
FRB20201125A 3.517479 3.932160 1134.405999 1061.015403 1051.019668
FRB20201126C 77.107757 1.966080 320.523208 288.738751 298.588177
FRB20201126B 2.295894 1.966080 972.586401 935.425260 948.594832
FRB20201126A 2.834562 3.932160 625.501667 591.070339 602.233245
FRB20201127C 3.079449 61.931525 1029.952771 968.770644 977.271206
FRB20201127B 0.535496 3.932160 672.449001 627.945307 633.902094
FRB20201127A 1.983791 4.915200 328.759743 300.221477 316.307892
FRB20201128E 11.082625 3.932160 370.964985 308.389004 305.386127
FRB20201128D 18.047017 1.966080 157.853385 119.622033 127.446998
FRB20201128C 2.121808 2.949120 418.307304 398.317500 398.962415
FRB20201128B 11.923516 1.966080 298.141130 254.312008 261.509761
FRB20201128A 3.021658 6.881280 368.517558 318.026095 322.560910
FRB20201129B 4.681900 3.932160 303.305958 241.317095 240.132607
FRB20201130B 2.295742 1.966080 564.122648 509.519052 517.513073
FRB20201202C 1.624414 1.966080 962.935836 887.301824 875.822149
FRB20201202D 0.451622 4.915200 951.786753 885.294979 878.196208
FRB20201202B 0.447199 7.864320 1114.580764 1067.294540 1072.716283
FRB20201202A 7.619833 1.966080 409.935569 343.927161 343.511357
FRB20201203B 13.648946 36.372483 660.335367 623.178561 635.458096
FRB20201203A 0.587618 1.966080 610.910225 590.059582 599.020552
FRB20201204C 1.698940 1.966080 845.961696 781.394502 779.571991
FRB20201204B 5.443998 16.711681 230.555895 181.704575 183.205705
FRB20201204A 9.072610 42.270713 475.109981 418.637650 428.027580
FRB20201205B 1.744375 1.966080 552.469311 378.242848 271.977030
FRB20201205A 10.562983 44.236804 883.141257 785.851623 756.235250
FRB20201205C 0.274296 11.796481 496.222276 448.162456 454.242053
FRB20201205D 2.498363 24.576002 873.800706 819.313573 823.381583
FRB20201206E 2.996420 1.966080 338.204548 250.734491 230.907896
FRB20201206B 0.491679 3.932160 494.205524 463.114171 471.273961
FRB20201206C 2.732940 3.932160 330.847465 309.237144 309.405169
FRB20201206C 2.732940 3.932160 330.847465 309.237144 309.405169
FRB20201206D 2.282564 3.932160 354.262207 285.095849 296.084703
FRB20201207E 1.913138 1.966080 588.604893 477.346003 473.455000
FRB20201207D 4.741419 2.949120 651.398808 591.667656 584.526669
FRB20201207B 5.390945 1.966080 560.096654 531.701444 539.148223
FRB20201207F 1.450244 3.932159 1345.022791 1303.489179 1309.913079
FRB20201207A 5.219351 19.660802 254.626333 186.839737 193.147593
FRB20201208A 10.194639 25.559042 706.166483 662.545524 668.639089
FRB20201209A 6.541489 2.949120 752.754173 714.821226 723.328782
FRB20201210D 3.422438 1.966080 628.336740 568.623548 571.184788
FRB20201210C 7.738462 1.966080 279.238893 232.106812 237.406230
FRB20201212E 1.513821 1.966080 701.355567 584.507310 591.415029
FRB20201212D 0.834721 1.966080 800.211598 763.889143 772.048941
FRB20201212C 3.123647 1.966080 527.328566 402.946732 375.262564
FRB20201212B 5.911395 4.915200 598.196272 489.987482 452.636296
FRB20201212A 2.527173 7.864321 314.800667 289.771645 292.607340
FRB20201213A 2.144276 4.915200 960.844129 804.157864 776.715810
FRB20201214B 5.811550 14.745598 847.678531 809.650607 816.527832
FRB20201214A 1.049015 1.966080 363.186702 320.934278 327.938370
FRB20201215D 4.601202 5.898240 407.752114 269.439492 274.259524
FRB20201215B 6.282117 9.830403 650.507761 614.719451 625.133056
FRB20201215A 7.722939 7.864319 684.634225 662.884468 662.596744
FRB20201215E 1.487141 2.949120 172.757858 84.919677 100.494628
FRB20201216E 3.390870 31.457275 491.146371 354.796686 295.725486
FRB20201216D 1.578195 1.966080 410.516856 357.132145 360.651351
FRB20201217A 14.237345 19.660806 632.774407 600.975438 609.299031
FRB20201217B 9.909201 59.965459 731.311229 683.006291 688.260071
FRB20201218B 7.279612 1.966081 694.219528 559.342671 566.488687
FRB20201218D 0.836853 2.949120 328.749720 279.836053 285.742245
FRB20201218C 1.094732 0.983040 522.065641 469.782320 474.357828
FRB20201218A 3.172854 2.949121 733.583976 672.951554 674.497158
FRB20201219B 2.257765 1.966080 1054.026669 970.681026 979.872877
FRB20201220C 10.707993 3.932159 1169.437233 1124.018430 1130.644818
FRB20201220B 3.045003 2.949120 539.947395 501.986983 509.056993
FRB20201220A 0.685074 4.915199 404.839982 351.952099 360.819849
FRB20201221A 1.019989 21.626887 567.019617 524.556103 535.847430
FRB20201222A 1.742638 2.949120 399.793616 168.290306 134.265654
FRB20201223C 3.528691 14.745600 803.606204 690.023667 645.435663
FRB20201223B 4.102323 22.609920 325.131336 276.595319 281.569401
FRB20201224B 9.569202 5.898240 1102.784710 1005.128654 969.090258
FRB20201224B 9.569202 5.898240 1102.784710 1005.128654 969.090258
FRB20201225E 1.589442 3.932160 807.787176 750.328610 757.361864
FRB20201225G 5.157820 18.677760 742.325400 705.098188 716.946060
FRB20201225C 9.173593 65.863680 1319.920613 1287.827440 1295.538601
FRB20201225F 1.706977 2.949120 451.324067 415.882557 423.808705
FRB20201225A 7.524719 1.966080 145.558941 72.221654 70.733489
FRB20201226C 8.541932 20.643840 980.864737 925.927249 927.374306
FRB20201226B 8.358371 27.525119 285.195650 226.157695 227.666656
FRB20201226A 2.555821 4.915200 577.745273 541.867187 549.070098
FRB20201228E 1.837559 5.898240 1113.937684 1057.479531 1059.148527
FRB20201228D 2.464244 23.592959 795.928732 740.431937 749.154943
FRB20201228C 1.614744 33.423359 837.026500 816.562082 817.326964
FRB20201229D 1.593586 7.864320 621.612950 582.138778 590.735919
FRB20201229B 6.479176 3.932160 480.323430 405.743487 396.168768
FRB20201229A 1.601486 2.949120 451.122600 424.654795 430.267019
FRB20201230E 3.255000 7.864320 954.099475 836.232224 793.473267
FRB20201230D 0.907946 1.966080 754.757715 707.144039 714.508146
FRB20201230C 1.558027 2.949120 686.889075 477.963358 511.266529
FRB20201230B 11.433189 1.966080 256.077907 112.450302 126.092508
FRB20201230A 1.615202 2.949120 791.730004 576.537044 585.699710
FRB20210101E 6.947356 8.847360 860.754930 745.376108 745.570069
FRB20210101E 6.947356 8.847360 860.754930 745.376108 745.570069
FRB20210101D 8.094678 9.830400 882.800779 826.576833 835.088756
FRB20210101C 1.398862 1.966080 1120.827601 1076.452320 1084.430769
FRB20210101B 8.069894 29.491199 320.802646 280.737575 290.177147
FRB20210101A 47.167830 2.949120 1532.724293 1498.560133 1511.346468
FRB20210102A 4.540354 11.796480 1682.108620 1659.392517 1661.975261
FRB20210103C 6.863278 21.626879 366.161653 326.331603 331.625923
FRB20210103A 6.562777 16.711679 746.139561 468.784306 385.117138
FRB20210104F 1.744390 2.949120 1119.856751 1061.755302 1070.266581
FRB20210104E 5.683061 1.966080 861.756379 804.287735 805.927741
FRB20210104D 1.001862 1.966080 1069.202398 1001.673746 993.458611
FRB20210104C 2.912083 7.864319 456.599643 402.709395 405.782225
FRB20210104B 4.450075 10.813441 1236.031413 1214.417157 1214.200135
FRB20210105F 13.725966 6.881281 1199.125647 1014.499016 917.209311
FRB20210105F 13.725966 6.881281 1199.125647 1014.499016 917.209311
FRB20210105E 3.049783 4.915200 532.395105 351.081434 241.945311
FRB20210105C 5.746701 1.966080 291.123050 263.808975 266.911544
FRB20210105B 3.295463 3.932159 425.752498 388.647292 395.382479
FRB20210105A 1.307592 5.898239 2469.643676 2304.297092 2217.010689
FRB20210106C 10.377411 5.898240 830.804860 786.097981 791.174179
FRB20210106B 1.074122 1.966080 262.780305 224.651875 235.606062
FRB20210106A 5.167056 10.813438 1321.389702 1290.131527 1300.905923
FRB20210107A 2.977398 13.762561 328.283611 199.793095 215.097664
FRB20210108A 13.875342 8.847361 223.823482 157.612077 159.888899
FRB20210109B 6.688590 7.864321 490.257911 464.485927 465.721951
FRB20210109B 6.688590 7.864321 490.257911 464.485927 465.721951
FRB20210109A 1.724294 6.881279 1242.703011 955.132407 1055.317267
FRB20210110C 2.158440 1.966080 803.978942 740.686195 738.641648
FRB20210110B 2.482244 1.966080 405.658762 240.981072 178.762668
FRB20210110A 1.683541 1.966080 1284.620372 1261.537928 1261.128106
FRB20210111F 3.868221 8.847361 612.096569 474.596123 467.746934
FRB20210111D 9.683405 3.932160 890.773706 826.506134 818.126863
FRB20210111C 3.498760 23.592956 1499.756594 1412.369327 1392.679906
FRB20210112B 0.111551 1.966080 428.675314 281.767610 263.131898
FRB20210112A 3.566903 1.966080 489.614287 444.511804 453.999725
FRB20210113C 10.187848 5.898240 176.887563 119.420472 120.656599
FRB20210113C 10.187848 5.898240 176.887563 119.420472 120.656599
FRB20210113B 7.775911 1.966080 841.380959 800.523906 809.140802
FRB20210113B 7.775911 1.966080 841.380959 800.523906 809.140802
FRB20210113E 38.163437 20.643842 749.694126 728.078697 728.210144
FRB20210113A 6.346112 11.796481 1597.449407 1521.684708 1514.144470
FRB20210114C 5.958724 1.966080 454.049668 359.205707 356.087506
FRB20210114D 2.942613 3.932160 590.064323 546.387558 545.984962
FRB20210115D 1.869430 11.796478 1987.409363 1930.880486 1913.392822
FRB20210115B 1.955906 8.847361 753.965594 665.912533 645.596422
FRB20210115A 12.717656 2.949120 778.086967 749.400383 751.475919
FRB20210116B 0.916478 63.897590 1407.868326 1377.053401 1393.996780
FRB20210116A 4.587604 41.287674 218.342005 141.113756 130.461756
FRB20210117D 2.166694 4.915199 276.595387 231.559373 238.477836
FRB20210117D 2.166694 4.915199 276.595387 231.559373 238.477836
FRB20210117B 3.094102 7.864319 930.882558 791.911251 803.038949
FRB20210118A 8.444010 10.813438 570.422746 478.916338 462.813618
FRB20210119B 5.006922 7.864323 440.494841 411.015651 419.078275
FRB20210119B 5.006922 7.864323 440.494841 411.015651 419.078275
FRB20210119B 5.006922 7.864323 440.494841 411.015651 419.078275
FRB20210119B 5.006922 7.864323 440.494841 411.015651 419.078275
FRB20210119A 0.576541 7.864320 289.785475 61.557657 61.214675
FRB20210120A 2.390975 7.864319 1050.753174 869.376283 849.203042
FRB20210121A 8.332750 1.966080 226.140609 188.642683 195.451182
FRB20210122B 2.017040 1.966080 369.740126 325.797748 332.239226
FRB20210123D 2.843629 6.881280 785.723391 653.670933 596.339941
FRB20210123E 0.797614 4.915200 105.774614 57.209271 63.112542
FRB20210123C 5.540963 1.966080 192.374527 157.264617 170.290487
FRB20210123B 12.846859 22.609921 248.880981 223.586420 228.359825
FRB20210123A 6.282908 16.711679 1979.454221 1865.843055 1867.569467
FRB20210124D 2.876812 12.779520 754.423289 676.577966 688.021564
FRB20210124B 24.671337 61.931518 990.852692 718.374057 690.438657
FRB20210124C 1.392242 3.932160 365.320410 245.966953 197.188649
FRB20210125E 3.102055 6.881280 505.414359 471.365291 480.075669
FRB20210125D 2.285904 3.932160 740.860850 595.371351 570.169697
FRB20210125C 3.660279 19.660800 587.260737 541.549581 549.945355
FRB20210125B 18.706839 58.982401 345.388945 287.699537 296.043968
FRB20210126B 0.529040 1.966080 152.332529 118.673847 131.485153
FRB20210126A 3.307947 0.983040 373.372306 341.297907 354.841392
FRB20210126A 3.307947 0.983040 373.372306 341.297907 354.841392
FRB20210127D 2.053943 0.983040 364.058051 205.761399 152.925195
FRB20210127D 2.053943 0.983040 364.058051 205.761399 152.925195
FRB20210127C 5.878493 1.966080 273.827331 222.534031 227.987083
FRB20210127B 4.628767 1.966080 568.141675 509.009988 510.034816
FRB20210128A 2.672879 1.966080 951.508746 914.384457 922.194645
FRB20210129D 2.098229 1.966080 476.412165 424.363422 428.507857
FRB20210129B 0.337341 1.966080 361.490533 333.849222 340.362049
FRB20210129A 1.488152 2.949120 632.152327 547.061473 538.397004
FRB20210130G 2.160969 2.949120 848.724938 813.680956 826.576439
FRB20210130F 4.902566 1.966080 1574.163479 1542.271340 1550.229351
FRB20210130D 12.695362 7.864321 176.071938 123.486570 127.642395
FRB20210130C 8.855990 8.847360 708.479048 514.416366 548.495833
FRB20210130C 8.855990 8.847360 708.479048 514.416366 548.495833
FRB20210130B 2.829064 1.966080 410.627196 339.954455 351.784909
FRB20210130B 2.829064 1.966080 410.627196 339.954455 351.784909
FRB20210130A 1.828735 1.966080 377.710936 147.435253 143.230077
FRB20210131B 1.742263 1.966080 438.666335 357.383373 344.326574
FRB20210201A 5.563025 8.847360 508.813064 486.490321 486.314256
FRB20210202C 3.980334 6.881281 803.233691 743.146937 743.031101
FRB20210202B 1.672463 1.966080 639.701914 599.940288 607.332133
FRB20210202A 54.029343 12.779521 330.179969 153.846925 201.013070
FRB20210203E 3.869480 92.405768 552.282892 501.182577 505.860001
FRB20210203D 4.716195 1.966080 888.313400 862.413921 863.735253
FRB20210203A 3.622561 3.932159 925.257530 835.740473 811.694214
FRB20210204B 2.626035 1.966080 558.326883 415.940722 350.097237
FRB20210204D 0.909665 2.949120 888.973019 825.060355 832.963112
FRB20210204A 2.065482 1.966080 962.951620 916.723521 922.631427
FRB20210205C 1.446249 4.915200 885.248935 822.801732 820.862241
FRB20210205B 2.074645 1.966080 858.587497 838.175147 838.898826
FRB20210205A 9.605677 48.168964 567.936507 546.601930 548.004104
FRB20210206B 3.150247 1.966080 1215.639473 1178.429421 1187.377107
FRB20210206A 22.525896 15.728641 361.321054 170.265564 103.050098
FRB20210206A 22.525896 15.728641 361.321054 170.265564 103.050098
FRB20210206A 22.525896 15.728641 361.321054 170.265564 103.050098
FRB20210206A 22.525896 15.728641 361.321054 170.265564 103.050098
FRB20210207G 2.008272 4.915200 818.297872 773.922053 780.174355
FRB20210207F 1.239707 1.966080 1586.931904 1405.688684 1356.638306
FRB20210207E 1.540267 2.949120 478.986900 285.907882 182.336581
FRB20210207D 0.630208 2.949120 438.304275 401.962535 412.964412
FRB20210207C 34.158940 24.576002 330.815516 310.353297 311.823953
FRB20210207B 1.498595 1.966080 658.725528 638.385092 639.504925
FRB20210208D 2.978573 15.728638 954.259879 899.550953 907.234413
FRB20210208C 1.833690 3.932160 903.228127 826.248516 813.836293
FRB20210208A 0.743544 1.966080 670.672212 650.658769 651.435336
FRB20210209D 3.615344 2.949120 385.168279 349.497081 357.425229
FRB20210209A 1.152912 5.898240 837.044051 796.228155 803.922715
FRB20210210A 1.030242 9.830398 401.865439 339.656266 340.018890
FRB20210211E 1.926530 12.779521 1079.463200 977.102118 963.849690
FRB20210211D 2.478758 22.609917 396.825290 357.334840 369.099167
FRB20210211C 2.378240 3.932160 315.489050 211.559442 220.320344
FRB20210211B 3.693292 7.864321 1090.508113 1015.174551 1015.370058
FRB20210212E 5.074281 1.966080 201.777012 157.188704 163.369327
FRB20210212D 9.222332 9.830401 489.541792 425.152470 422.357929
FRB20210212F 0.707541 1.966080 409.821106 376.958352 387.622121
FRB20210212B 7.408900 5.898239 521.486667 493.400060 496.506863
FRB20210212A 4.352144 6.881281 850.436420 803.799127 811.411673
FRB20210213G 1.731531 5.898240 642.074715 471.874182 372.361161
FRB20210213E 3.349904 3.932160 1060.754756 1028.953628 1037.509248
FRB20210213D 19.391276 57.016320 351.523022 331.546044 332.096760
FRB20210213C 1.375711 3.932160 1108.970487 1066.558520 1074.252782
FRB20210213B 1.737725 1.966080 721.183153 642.516355 640.942932
FRB20210213H 4.210417 17.694720 627.429470 562.986649 571.161626
FRB20210214C 0.962206 3.932160 242.497719 175.149309 159.249907
FRB20210214F 0.835117 2.949120 1089.107389 1055.455477 1064.138419
FRB20210214B 6.039552 1.966080 197.421214 150.112516 155.747907
FRB20210214E 0.434466 1.966080 1181.373620 1134.503686 1143.206408
FRB20210215B 0.302017 6.881280 1045.080880 985.803992 985.493591
FRB20210215A 3.371784 1.966080 484.319214 432.004433 436.126919
FRB20210216F 6.897699 6.881280 1213.095021 1010.908389 885.648669
FRB20210216E 3.786958 4.915200 891.615195 780.592604 742.075535
FRB20210216D 17.288707 1.966080 398.444922 211.116999 111.340560
FRB20210216G 1.263952 3.932160 957.309908 884.271847 874.485982
FRB20210216C 1.547428 8.847360 528.766915 494.156622 505.586344
FRB20210216A 1.197553 11.796480 683.648091 520.114591 421.830488
FRB20210217C 2.282112 1.966080 529.500626 427.765263 394.790057
FRB20210217B 1.666896 1.966080 1110.220867 1066.267816 1073.412458
FRB20210217A 3.679081 0.983040 350.040090 296.970794 300.703035
FRB20210218C 4.624456 0.983040 737.584809 681.327762 683.614968
FRB20210218B 5.706101 5.898240 1086.972204 1023.619949 1013.333280
FRB20210218G 2.007688 7.864320 861.485707 816.631654 825.839595
FRB20210218F 0.293823 4.915200 799.976971 759.086050 771.156100
FRB20210218A 2.967118 3.932160 204.810546 181.981466 184.848951
FRB20210219B 1.751531 16.711679 640.926971 620.732050 626.410733
FRB20210219A 1.210116 1.966080 694.547309 663.509304 671.466934
FRB20210220D 0.536729 1.966080 550.006387 516.857521 525.994893
FRB20210220C 0.731328 3.932160 1387.061015 1357.629836 1365.680927
FRB20210220B 0.665821 28.508159 1104.911197 1073.206550 1078.185283
FRB20210220B 0.665821 28.508159 1104.911197 1073.206550 1078.185283
FRB20210220B 0.665821 28.508159 1104.911197 1073.206550 1078.185283
FRB20210221C 2.500041 1.966080 318.972075 265.244751 268.168514
FRB20210221B 1.156376 1.966080 327.873333 293.600964 303.773957
FRB20210221A 7.925217 1.966080 349.095272 252.544350 224.754080
FRB20210222B 17.552654 15.728641 350.379199 321.621910 326.851316
FRB20210222B 17.552654 15.728641 350.379199 321.621910 326.851316
FRB20210222B 17.552654 15.728641 350.379199 321.621910 326.851316
FRB20210222C 0.929426 8.847360 377.558080 242.822592 181.005435
FRB20210222A 2.547330 18.677759 508.765781 470.860725 479.431835
FRB20210223D 1.337566 5.898240 378.206359 229.511534 178.501362
FRB20210223A 4.617497 1.966080 531.020350 488.162447 496.780409
FRB20210224B 2.187649 1.966080 353.024520 295.437632 296.608162
FRB20210224C 3.504352 8.847361 926.118019 857.371398 841.229275
FRB20210225B 1.780078 15.728639 1326.283364 1263.803239 1262.103039
FRB20210225A 24.784539 5.898239 387.853876 336.554955 343.322511
FRB20210226A 18.663586 1.966080 380.399702 332.645206 343.059459
FRB20210227B 1.323741 1.966080 893.887972 858.838445 871.290871
FRB20210227A 1.102392 3.932160 1153.926031 1118.225440 1125.292586
FRB20210228A 4.677608 60.948485 1088.715451 1016.491898 1012.763285
FRB20210301D 2.520800 4.915199 734.648102 675.784163 673.051027
FRB20210301C 8.376834 9.830401 185.353261 144.424938 152.754784
FRB20210301C 8.376834 9.830401 185.353261 144.424938 152.754784
FRB20210302J 4.289795 15.728641 850.930070 798.065665 801.742905
FRB20210302F 39.141409 1.966080 385.980714 323.343085 320.202996
FRB20210302D 1.147658 1.966080 485.253378 455.859201 464.375332
FRB20210302B 1.633480 1.966080 301.239558 276.845051 277.847561
FRB20210302H 0.403581 3.932160 849.932790 784.939972 787.264327
FRB20210303I 3.370345 1.966080 929.823946 781.905959 713.926511
FRB20210303H 5.290106 4.915200 380.371184 199.112348 106.431682
FRB20210303G 0.824142 9.830401 1016.688914 926.149049 902.230644
FRB20210303K 1.168267 1.966080 715.513569 651.719821 648.112744
FRB20210303J 1.788552 3.932159 772.336113 719.169048 722.661246
FRB20210303E 0.793464 10.813441 608.286758 569.249337 581.843891
FRB20210303D 3.671638 21.626879 820.538084 766.652685 775.763266
FRB20210303C 2.856754 4.915199 348.432489 312.711536 321.658932
FRB20210304F 1.608407 1.966080 434.325812 271.924326 176.524978
FRB20210304E 10.160534 2.949120 1144.272492 968.706926 861.766931
FRB20210304D 12.372286 24.576002 423.704337 386.613693 397.418142
FRB20210304D 12.372286 24.576002 423.704337 386.613693 397.418142
FRB20210304H 4.918886 14.745601 209.691439 149.599630 149.665225
FRB20210304C 2.728509 3.932159 784.598294 764.163655 764.872362
FRB20210304G 1.988794 2.949120 291.972173 246.398493 252.416680
FRB20210305D 1.742498 7.864321 1311.298286 1255.836950 1258.139239
FRB20210305C 0.326452 1.966080 242.699340 213.873231 230.220746
FRB20210306A 3.121575 2.949120 722.159933 654.586769 649.996622
FRB20210307C 2.021118 5.898239 377.441720 347.219513 355.149534
FRB20210307A 10.597264 32.440323 2903.706361 2859.703955 2868.071272
FRB20210307D 0.787493 2.949120 1161.654315 1106.498187 1114.065912
FRB20210308A 5.792710 2.949120 616.537913 581.588206 594.003011
FRB20210308B 0.629938 1.966080 211.796082 126.236207 116.701664
FRB20210309E 16.257306 35.389435 402.475262 361.760985 372.459771
FRB20210309D 12.997046 1.966080 134.082826 101.693788 109.283451
FRB20210309C 6.429892 16.711677 602.818205 579.711809 579.469541
FRB20210309F 0.817481 1.966080 546.969002 369.046940 253.788089
FRB20210309B 2.818862 4.915199 579.032816 531.190344 539.587817
FRB20210309A 5.976201 2.949120 635.097054 475.539573 449.111317
FRB20210310B 3.650279 3.932159 779.402331 758.234548 762.712263
FRB20210311C 4.382148 3.932159 344.592833 289.531551 291.063497
FRB20210311B 1.134439 1.966081 888.848977 841.230194 843.666074
FRB20210311E 2.301223 1.966080 295.240878 223.371290 217.030437
FRB20210311A 3.040935 9.830398 1236.429360 1196.275299 1202.797544
FRB20210312C 3.463982 1.966080 576.094792 532.493433 526.066745
FRB20210312B 1.535101 0.983040 358.307162 268.949241 247.553938
FRB20210312A 2.475820 1.966081 1212.847149 1168.576603 1175.975456
FRB20210313D 7.268962 2.949120 890.338773 836.000280 839.125453
FRB20210313C 1.940778 1.966080 530.493665 481.760130 487.916514
FRB20210313A 2.264275 1.966081 402.948555 350.856323 354.984319
FRB20210314D 4.255832 3.932159 867.915114 828.974608 836.651607
FRB20210314C 3.814006 1.966080 510.628229 378.388030 411.248219
FRB20210314F 3.636021 21.626877 928.392634 876.906171 881.252742
FRB20210314B 4.362894 1.966080 482.959690 421.963799 421.314179
FRB20210314E 6.199597 14.745598 372.409858 337.374206 346.172303
FRB20210315B 2.133199 2.949120 525.620244 499.402450 505.237950
FRB20210315A 5.333258 27.525116 722.203848 676.829335 682.634583
FRB20210316B 2.547012 2.949120 642.384945 587.911555 590.466034
FRB20210316A 4.472730 6.881280 862.768038 828.684663 835.973050
FRB20210320B 1.009061 1.966080 416.810919 359.894277 362.226856
FRB20210321C 1.241582 1.966080 743.080588 697.289291 704.194515
FRB20210322D 1.824451 1.966080 160.541769 108.792234 113.446516
FRB20210322C 0.873492 1.966080 324.315527 284.979302 292.627569
FRB20210322E 2.887633 28.508160 880.017146 827.959640 837.916497
FRB20210323B 2.262743 2.949120 628.008007 589.937294 601.157487
FRB20210323D 1.652739 4.915200 776.313272 704.284097 701.526542
FRB20210324A 8.459313 53.084161 963.439249 942.746082 943.611009
FRB20210325B 2.919302 33.423359 850.923276 734.799958 740.939145
FRB20210326D 5.037911 5.898240 1032.075916 977.310228 980.612240
FRB20210326C 2.361237 1.966080 298.595537 214.211747 210.020222
FRB20210326E 2.629529 4.915200 547.760413 497.592626 502.157837
FRB20210327E 1.838354 1.966080 584.858103 549.500947 558.561150
FRB20210327D 2.010121 6.881280 864.163933 800.756533 798.474291
FRB20210328E 1.061948 4.915200 1049.509247 1012.636360 1025.387309
FRB20210328D 7.226103 7.864320 430.652934 395.931886 405.037093
FRB20210328F 0.307017 1.966080 682.806240 661.371413 663.417187
FRB20210328C 41.966610 56.033280 1128.280399 1087.194118 1093.976549
FRB20210328B 1.185822 2.949120 702.486718 672.174199 680.064532
FRB20210329B 11.176351 30.474239 1312.897063 1281.147588 1289.869845
FRB20210329C 1.922328 5.898240 449.960670 393.234657 394.068998
FRB20210330C 7.431468 12.779520 378.540251 311.360820 306.759551
FRB20210330A 2.448588 3.932160 607.081447 535.957728 521.326315
FRB20210330E 2.078522 5.898240 1421.808906 1387.824678 1396.411297
FRB20210330D 1.978020 6.881280 2279.741632 2212.055530 2205.085332
FRB20210331H 0.846443 1.966080 628.916855 594.497830 601.741583
FRB20210331G 0.876892 1.966080 593.326493 550.431850 556.648851
FRB20210331E 4.731301 3.932160 712.339955 658.708539 664.559078
FRB20210402G 5.756200 55.050240 472.838149 399.485477 389.572422
FRB20210402F 0.401209 2.949120 368.949905 328.745615 341.170165
FRB20210402E 3.233779 1.966080 1883.795705 1838.556973 1845.333046
FRB20210402D 5.438107 1.966080 720.009859 682.706585 690.590268
FRB20210402C 1.935631 3.932160 902.963360 827.791948 842.417049
FRB20210403E 1.618411 1.966080 727.968856 664.715363 666.178275
FRB20210403D 1.027648 1.966080 1205.067470 1127.314655 1117.643048
FRB20210403C 3.663757 1.966080 366.126160 321.214279 327.508644
FRB20210404D 5.332608 1.966080 295.235306 199.651822 217.172605
FRB20210406E 67.047500 1.966080 355.281128 293.500694 294.768405
FRB20210406F 2.110265 4.915200 602.881258 564.692043 573.669927
FRB20210406D 2.505281 3.932160 520.282986 442.338084 453.006038
FRB20210406C 1.580046 1.966080 787.283439 682.067520 686.019645
FRB20210406B 1.353123 1.966080 597.732641 536.730936 544.098240
FRB20210408E 4.717483 7.864320 551.593693 496.552411 499.168823
FRB20210408G 2.031681 118.947850 456.474787 394.104113 391.970980
FRB20210408D 12.872374 7.864321 676.727419 641.995526 654.564910
FRB20210408C 1.640379 1.966080 667.763792 634.142970 645.354509
FRB20210408B 3.701582 6.881280 1434.086106 1385.220874 1390.566159
FRB20210408A 3.675333 3.932160 521.308598 481.438833 490.656492
FRB20210409D 2.568769 9.830400 730.246273 634.442279 606.505611
FRB20210409C 8.009166 1.966080 516.151724 385.772358 330.280114
FRB20210410B 1.631265 1.966080 403.895212 355.981058 362.528304
FRB20210410A 2.401529 1.966080 836.556241 768.859260 765.005785
FRB20210411E 6.319710 13.762560 2147.981547 2093.676240 2097.929177
FRB20210411D 10.746815 4.915200 1224.543742 1204.454617 1203.536899
FRB20210411C 2.908261 5.898240 632.407524 455.694784 503.015003
FRB20210412E 2.663576 7.864319 1589.485441 1557.307779 1567.945498
FRB20210412D 2.791260 6.881281 1508.983328 1421.232027 1422.296212
FRB20210412C 3.661453 7.864321 463.844077 371.964965 345.937104
FRB20210412B 20.945810 17.694721 955.715304 772.692058 686.220883
FRB20210413E 28.515628 2.949120 313.448895 284.479905 292.378197
FRB20210413D 1.331361 3.932160 149.255346 117.901073 126.336631
FRB20210413C 1.445923 2.949120 508.654477 476.502921 484.252317
FRB20210413C 1.445923 2.949120 508.654477 476.502921 484.252317
FRB20210413F 2.160298 2.949120 277.468133 218.696881 218.643637
FRB20210413A 10.562988 4.915199 353.468495 268.786273 250.726453
FRB20210414D 2.413490 1.966080 770.993003 737.975902 746.395023
FRB20210414E 1.066198 1.966080 829.678808 794.998705 802.252458
FRB20210414C 9.745308 12.779521 903.086467 880.931405 880.560815
FRB20210414B 2.676802 9.830401 592.956456 533.759668 542.959661
FRB20210414A 2.520898 1.966080 875.055756 794.460068 789.172611
FRB20210415F 1.006680 1.966080 561.566447 475.259004 456.175998
FRB20210415E 4.023090 5.898240 1189.630978 1138.285062 1142.065100
FRB20210415B 26.625156 21.626877 555.853995 521.393730 530.321797
FRB20210415A 6.380426 37.355514 834.478298 778.069730 788.734424
FRB20210416E 1.778680 2.949120 480.495728 373.917721 378.102942
FRB20210416C 2.847732 1.966080 406.745778 340.571639 340.259270
FRB20210416D 1.453842 1.966080 205.089736 168.097196 177.084187
FRB20210416B 2.229575 1.966080 656.248737 585.341346 592.237318
FRB20210416A 2.674020 7.864321 479.492702 397.823436 391.114050
FRB20210417A 5.327688 1.966080 148.459130 118.784520 126.674507
FRB20210418D 1.631348 1.966080 1355.748064 1335.613834 1340.353781
FRB20210418C 7.780719 23.592956 906.466164 762.231684 792.277448
FRB20210418B 12.232908 1.966080 882.137187 834.291850 842.321876
FRB20210418A 6.492637 10.813438 256.486971 188.971209 191.561418
FRB20210419B 3.501382 17.694721 1045.276700 1013.344588 1021.062512
FRB20210419A 7.134279 3.932160 719.899286 555.155872 604.097026
FRB20210421C 1.999852 13.762560 1646.526311 1594.722095 1599.031748
FRB20210421F 4.628087 33.423360 1201.622922 1173.327118 1189.408712
FRB20210421D 0.337683 1.966080 268.383173 238.702229 245.434295
FRB20210421B 3.548416 3.932160 574.646665 541.181038 548.590537
FRB20210422B 1.475353 2.949120 223.627474 183.930470 196.548899
FRB20210422A 1.945369 2.949120 545.205398 461.039631 447.125217
FRB20210423H 2.881757 15.728640 341.537822 274.303011 259.171139
FRB20210423F 3.700035 1.966080 385.687765 345.315629 353.341117
FRB20210423E 2.117793 17.694720 274.178986 251.498147 254.051389
FRB20210423D 1.940193 3.932160 295.683550 272.071043 274.857335
FRB20210423C 5.731245 3.932160 763.172541 719.263605 725.290600
FRB20210423B 10.841774 63.897600 1381.815015 1337.175223 1343.081989
FRB20210423A 3.910853 1.966080 815.460298 775.231802 783.587225
FRB20210424A 9.226275 16.711680 971.704455 889.058587 869.779821
FRB20210424B 1.849373 1.966080 774.526914 723.940663 732.438559
FRB20210425A 2.109107 1.966080 932.295586 788.713545 717.834033
FRB20210426A 6.543522 1.966080 1107.730938 1055.243138 1059.216855
FRB20210427B 10.077166 17.694721 617.254698 583.329070 591.783604
FRB20210427A 82.928731 2.949120 268.413545 203.908684 202.667284
FRB20210427C 1.540648 1.966080 200.772298 151.338502 156.282631
FRB20210428C 2.839838 11.796481 283.161504 174.503280 136.993822
FRB20210428A 4.311162 4.915200 849.288379 794.789604 797.460168
FRB20210428B 2.527043 9.830400 670.322381 591.537317 581.275042
FRB20210429C 6.534478 1.966080 592.265379 548.528903 556.540409
FRB20210429B 11.823449 3.932160 390.429557 301.602684 280.416241
FRB20210429A 1.476192 1.966080 911.895681 867.291172 873.496529
FRB20210430I 1.004807 1.966080 598.480436 552.519477 557.022261
FRB20210430J 3.896327 9.830401 826.901122 787.806762 800.761814
FRB20210430F 3.658121 8.847360 605.689044 566.580122 575.883686
FRB20210430E 2.078521 3.932160 3130.191624 3098.247076 3106.291530
FRB20210430D 3.499050 6.881280 755.081052 729.583594 730.138945
FRB20210430C 1.511406 1.966080 496.011928 449.188174 456.274142
FRB20210430B 0.316838 6.881281 1003.232947 896.093433 880.484414
FRB20210430A 1.505132 1.966080 408.533880 266.369530 208.188445
FRB20210501C 2.921764 15.728641 1197.765673 1165.074374 1172.673087
FRB20210501D 1.861648 29.491199 573.129944 521.577930 525.933168
FRB20210501B 4.798701 3.932160 383.442982 174.791549 55.445459
FRB20210501A 11.172192 1.966080 233.077159 147.749927 129.248513
FRB20210501A 11.172192 1.966080 233.077159 147.749927 129.248513
FRB20210502B 1.109260 1.966080 304.721013 253.208656 257.770102
FRB20210502A 1.822773 1.966080 1101.120432 990.508119 969.692068
FRB20210503A 1.063959 2.949120 388.288605 296.755453 285.713531
FRB20210504F 5.085273 11.796481 1258.038696 1204.981032 1208.645290
FRB20210504E 8.020326 3.932160 722.393796 689.667081 698.560863
FRB20210504E 8.020326 3.932160 722.393796 689.667081 698.560863
FRB20210504C 2.880511 9.830398 719.464873 675.538146 681.736757
FRB20210504B 3.445444 3.932160 400.456018 227.633317 217.631077
FRB20210505F 1.554456 1.966080 411.292324 365.151097 371.638836
FRB20210505E 2.137970 3.932159 269.903395 230.815783 240.954906
FRB20210505D 2.336630 8.847361 550.058976 514.640895 525.002508
FRB20210505C 1.488607 1.966080 574.340095 537.570411 545.289838
FRB20210505B 29.367980 3.932160 1013.434390 834.762871 756.496828
FRB20210505A 5.155021 4.915200 1300.187945 1186.735398 1147.095161
FRB20210506D 3.188553 1.966080 565.787069 512.456593 520.806460
FRB20210506C 1.671828 1.966080 854.098071 802.394130 806.659872
FRB20210506E 2.375122 2.949120 670.303481 604.707403 601.769795
FRB20210506B 0.329186 1.966080 643.809974 570.516479 575.620651
FRB20210506A 1.631174 3.932160 437.394168 309.904250 262.049499
FRB20210507C 4.570974 1.966080 1122.551925 1102.614026 1103.070761
FRB20210507B 2.069188 4.915200 415.489336 291.477635 244.122609
FRB20210507A 2.313254 5.898239 525.785442 385.349557 344.498251
FRB20210508B 3.013720 6.881279 453.892034 406.586588 414.135270
FRB20210508A 7.737992 7.864321 325.089126 279.691495 285.814304
FRB20210509A 3.572033 2.949120 452.443090 398.938228 397.248120
FRB20210512B 4.257984 1.966080 855.556272 809.245434 815.644019
FRB20210512C 1.187864 5.898240 229.210126 196.359524 205.004402
FRB20210512A 3.992830 8.847360 778.634667 599.179564 495.525642
FRB20210513B 6.454843 1.966080 295.895006 266.560757 274.566925
FRB20210513B 6.454843 1.966080 295.895006 266.560757 274.566925
FRB20210513C 6.810874 7.864320 139.133766 106.591687 115.484736
FRB20210513A 1.667594 1.966080 323.982913 262.784154 261.387396
FRB20210514B 0.511705 1.966080 606.127896 549.531478 558.015212
FRB20210514A 7.540656 6.881280 233.324908 195.322336 204.011990
FRB20210518D 0.843360 1.966080 309.996162 272.115305 279.933799
FRB20210521F 1.396771 1.966080 341.843746 286.046511 288.620913
FRB20210521E 1.596714 1.966080 282.945728 24.855905 91.026789
FRB20210521B 3.624479 1.966080 1491.387300 1312.720724 1212.403800
FRB20210521G 0.896685 1.966080 385.507967 291.810636 266.140010
FRB20210521D 2.312417 8.847360 1079.160499 1020.853593 1020.131725
FRB20210522C 0.752255 1.966080 1031.902866 975.524215 974.760816
FRB20210522A 2.419920 1.966080 301.367930 227.538604 209.085507
FRB20210523G 0.641204 1.966080 866.513504 815.349567 815.276985
FRB20210523F 0.196276 1.966080 675.297693 643.453119 653.657161
FRB20210523D 1.409837 1.966080 234.470133 209.748012 222.388945
FRB20210523B 6.639577 5.898240 514.081009 463.495456 468.006977
FRB20210524B 5.958805 1.966080 377.556155 324.331101 327.994438
FRB20210524A 3.091360 1.966080 927.707728 430.387122 273.511321
FRB20210524D 0.896415 3.932160 853.829796 733.303076 746.417468
FRB20210525B 4.453757 1.966080 291.525840 243.999637 246.756387
FRB20210526A 4.739953 2.949120 529.859575 441.435130 420.901933
FRB20210526C 2.974206 5.898240 489.991796 376.535280 330.462868
FRB20210527E 1.292833 3.932160 581.964823 535.754566 541.408237
FRB20210527B 5.446686 9.830398 355.835510 300.311505 308.242223
FRB20210527A 4.886849 12.779518 361.663765 219.332753 201.377924
FRB20210528B 1.394654 1.966080 698.542178 670.268073 677.502610
FRB20210528A 1.278860 3.932160 646.126180 602.148735 608.395720
FRB20210529B 6.032254 1.966080 262.235912 218.167505 226.255129
FRB20210529A 12.080891 3.932159 662.848431 612.124064 620.984818
FRB20210530D 21.456965 59.965445 512.135925 481.026300 488.823102
FRB20210530E 2.061469 2.949120 991.638706 955.580120 962.550867
FRB20210530C 4.749194 3.932160 965.834597 936.409379 940.782023
FRB20210530B 4.197105 2.949120 685.803476 606.348643 620.551496
FRB20210531B 5.884681 1.966080 897.556531 863.894436 873.984959
FRB20210531C 2.681050 1.966080 483.281035 453.219471 459.054122
FRB20210531A 1.759632 0.983040 278.169036 255.956667 255.702144
FRB20210531E 6.233818 4.915199 875.784217 684.003099 595.162415
FRB20210603D 3.535226 1.966080 502.223473 269.385185 161.646674
FRB20210603A 38.480107 1.966080 500.192125 460.860883 469.372594
FRB20210603A 38.480107 1.966080 500.192125 460.860883 469.372594
FRB20210603A 38.480107 1.966080 500.192125 460.860883 469.372594
FRB20210603C 8.564650 6.881281 382.208185 346.978568 355.973634
FRB20210603C 8.564650 6.881281 382.208185 346.978568 355.973634
FRB20210603B 5.914912 30.474243 747.079200 685.707674 676.626322
FRB20210604B 3.008733 17.694721 641.271213 609.386835 620.562757
FRB20210604A 6.277710 0.983040 529.474223 493.117641 500.984628
FRB20210605B 1.376566 3.932160 1050.752010 985.738949 994.728061
FRB20210605C 2.598622 4.915200 407.732714 332.979467 322.613635
FRB20210606E 4.341531 5.898239 431.403371 396.103612 409.291134
FRB20210606C 2.920265 1.966080 734.810750 699.359359 706.781446
FRB20210606B 2.997728 17.694717 529.682512 500.033900 502.798756
FRB20210606A 1.346792 2.949120 827.526811 767.940168 775.952917
FRB20210607D 0.343151 1.966080 1164.915471 1142.826549 1145.797130
FRB20210607B 6.338427 1.966080 364.680098 319.945058 326.049158
FRB20210607C 1.002587 1.966080 450.220656 412.489539 420.126407
FRB20210607A 2.484221 1.966080 548.465684 487.532977 486.188438
FRB20210608A 2.437140 14.745598 1228.638286 1125.211868 1122.223161
FRB20210609D 3.123443 2.949120 587.935971 560.353706 562.289175
FRB20210609E 1.457168 1.966080 894.036373 856.023565 862.935579
FRB20210609C 2.805940 11.796478 1953.852965 1912.843539 1919.736789
FRB20210609B 2.598447 1.966080 1002.981941 953.111869 961.091893
FRB20210609A 2.132508 4.915199 1440.083287 1392.343609 1396.922982
FRB20210610D 4.058353 1.966081 403.299867 364.105543 373.211105
FRB20210610C 17.187668 27.525129 876.233741 855.705531 856.579984
FRB20210610B 5.845803 3.932161 694.874394 645.337317 650.485486
FRB20210612A 2.040635 1.966081 1080.575458 955.373493 919.902539
FRB20210612C 1.836023 1.966081 181.778543 104.393701 109.086886
FRB20210613A 22.599321 58.982391 478.066036 265.270995 257.654833
FRB20210614C 9.036316 16.711677 328.294726 292.427729 300.232743
FRB20210614C 9.036316 16.711677 328.294726 292.427729 300.232743
FRB20210614B 5.632148 2.949120 837.801724 684.136488 654.600013
FRB20210614A 2.541899 1.966081 221.702336 169.530896 169.003523
FRB20210615A 2.046639 2.949120 399.999496 299.999927 268.643926
FRB20210616C 1.407218 17.694717 428.075678 407.198566 408.443710
FRB20210616D 1.238247 5.898239 1087.133792 1057.149989 1063.904640
FRB20210616B 1.103077 2.949121 412.031870 324.410853 343.512191
FRB20210616A 1.693524 1.966080 315.521064 258.168156 260.470610
FRB20210618A 4.751381 9.830400 302.601416 279.559934 280.648148
FRB20210618B 1.461750 5.898240 883.249793 842.715315 850.673980
FRB20210619D 1.807397 1.966080 376.440922 344.470187 352.661686
FRB20210619C 29.569521 4.915200 1428.374310 1394.632393 1402.218236
FRB20210619B 1.128349 1.966080 517.620213 411.013330 403.943312
FRB20210619A 6.933829 1.966080 1162.186456 1032.063158 980.782692
FRB20210620C 2.271707 1.966080 521.435018 475.494121 481.093829
FRB20210620B 4.879634 1.966080 498.914560 441.542193 443.011245
FRB20210620A 1.845011 1.966080 806.176626 726.303085 715.131530
FRB20210621B 2.189837 22.609921 1272.724951 1233.117801 1240.943253
FRB20210621A 10.203857 35.389441 324.261736 162.704575 95.501092
FRB20210622B 2.595154 1.966080 376.914663 273.462750 277.189090
FRB20210622A 4.608729 2.949120 588.498206 531.526381 542.148536
FRB20210623A 1.412287 1.966080 465.433316 306.654550 306.436059
FRB20210627B 60.997153 6.881280 377.647100 326.433795 330.921374
FRB20210627A 68.398266 1.966080 326.423734 294.131195 303.543818
FRB20210706C 2.373902 2.949120 879.194534 858.334025 859.336316
FRB20210706B 4.156970 27.525120 2234.119341 2209.413752 2213.646591
FRB20210706A 2.752987 1.966080 622.827195 500.392277 450.470175
FRB20210706D 2.480680 2.949120 312.705939 166.499065 88.607484
FRB20210708C 2.675002 5.898240 1259.906597 1208.723424 1213.153729
FRB20210708B 9.711204 1.966080 490.038432 462.127411 469.242151
FRB20210708A 2.296733 1.966080 1343.888673 1315.787077 1322.549111
FRB20210709D 3.777653 3.932160 793.431970 770.776297 771.402206
FRB20210709C 1.920410 1.966080 500.717672 469.977264 477.916447
FRB20210709B 4.185967 14.745600 923.239544 869.326227 872.026386
FRB20210709A 3.213209 1.966080 814.539845 769.505915 778.437988
FRB20210710A 11.424053 74.711042 1201.134713 1168.142906 1177.599144
FRB20210712D 0.952428 1.966080 332.758983 223.933160 247.664384
FRB20210712C 23.298165 4.915200 526.310625 470.202168 472.469933
FRB20210713B 2.330056 1.966080 476.430724 438.163079 446.026555
FRB20210713A 1.268399 1.966080 658.832053 561.108618 528.732499
FRB20210714A 3.010883 1.966080 537.247908 373.312986 286.825459
FRB20210717B 1.381451 1.966080 156.008198 115.226466 124.096401
FRB20210717A 3.195338 1.966080 190.184026 147.083931 154.674233
FRB20210719A 1.885731 2.949120 361.686000 324.539844 332.072342
FRB20210719B 4.359484 7.864320 349.063828 179.082501 106.651472
FRB20210720B 8.517925 8.847360 944.824055 922.787669 923.593104
FRB20210720A 1.871399 1.966080 433.092908 384.006916 389.261706
FRB20210720H 2.175625 8.847360 197.002871 159.554194 168.879566
FRB20210720E 2.096052 4.915200 355.064881 186.427887 142.292321
FRB20210720D 8.210903 5.898240 1212.247555 1099.187820 1079.604514
FRB20210720C 1.941730 1.966080 510.330718 490.146944 495.982305
FRB20210721B 19.847167 52.101118 661.371225 557.746550 522.820430
FRB20210721A 2.412087 1.966080 389.894343 340.970827 346.375628
FRB20210722D 6.383939 1.966080 1057.499511 1031.078498 1031.666522
FRB20210722B 3.617285 4.915200 672.059280 626.942365 635.544176
FRB20210724A 49.196830 9.830400 536.569157 507.252876 513.560797
FRB20210725A 0.935338 1.966080 1189.713743 988.130816 868.606815
FRB20210726A 2.630042 1.966080 388.874278 263.224767 215.100427
FRB20210729A 1.945462 1.966080 533.190073 449.201945 433.364868
FRB20210803C 3.095944 1.966080 435.581529 377.753894 379.245537
FRB20210803B 14.795355 7.864320 461.525024 377.420511 359.602987
FRB20210803A 9.090113 1.966080 381.793720 333.072381 339.315906
FRB20210805B 9.121337 9.830400 1514.000707 1472.327320 1480.226393
FRB20210807B 3.690926 1.966080 546.522428 502.957738 509.027358
FRB20210807A 4.149380 1.966080 1217.435442 1180.087454 1189.353878
FRB20210807C 2.637926 1.966080 283.237232 248.173909 260.820316
FRB20210808B 4.736323 1.966080 442.211444 400.861924 407.490691
FRB20210808E 61.007223 25.559042 282.186191 229.917527 238.220952
FRB20210808A 2.279140 1.966080 449.809328 415.604613 426.806857
FRB20210809A 24.715037 4.915200 838.520158 805.598884 809.524092
FRB20210810C 10.592054 6.881280 694.175334 646.033042 651.733812
FRB20210810B 4.543452 4.915200 639.533256 410.259749 244.530673
FRB20210810A 1.752295 1.966080 1317.465998 1209.808147 1171.530146
FRB20210811B 1.415168 1.966080 632.515923 545.399963 542.681681
FRB20210811A 14.385530 10.813440 481.757950 428.455104 432.048145
FRB20210811A 14.385530 10.813440 481.757950 428.455104 432.048145
FRB20210811C 0.958076 2.949120 400.535892 349.214824 353.820447
FRB20210813B 1.435706 1.966080 518.376211 444.393623 440.833840
FRB20210813A 5.212037 0.983040 399.385496 220.754998 147.349842
FRB20210814A 1.161206 3.932160 592.010621 401.968672 293.773865
FRB20210815B 4.096435 11.796478 912.896908 822.746997 818.676975
FRB20210815A 2.712623 3.932160 637.632812 590.088052 597.766787
FRB20210816D 2.042453 2.949120 357.219556 317.437286 325.893809
FRB20210816A 2.910117 4.915199 587.741335 430.792349 374.101658
FRB20210817B 4.143495 1.966080 483.073561 215.883006 36.991204
FRB20210817A 7.792813 1.966080 223.993022 166.141481 167.132152
FRB20210818A 1.358452 2.949120 188.450323 144.809820 151.566256
FRB20210819A 38.879236 1.966080 362.177748 342.043854 346.017310
FRB20210820A 1.754894 1.966080 643.846160 603.896779 611.335963
FRB20210821A 1.495375 3.932160 634.338454 581.728570 589.548342
FRB20210822C 18.576655 1.966080 692.407048 492.068818 488.546520
FRB20210822B 19.938676 16.711680 368.458317 327.859892 337.586005
FRB20210822D 2.031508 6.881280 1431.651517 1411.624711 1412.252673
FRB20210823D 4.150254 6.881280 466.370229 423.789002 430.246648
FRB20210823B 8.409169 4.915200 1479.993106 1447.715330 1457.060972
FRB20210823A 12.817815 12.779520 450.083401 406.146468 412.580667
FRB20210823A 12.817815 12.779520 450.083401 406.146468 412.580667
FRB20210823A 12.817815 12.779520 450.083401 406.146468 412.580667
FRB20210824A 2.255080 1.966080 570.139077 536.043946 543.340332
FRB20210825B 10.139006 7.864320 281.528759 230.198631 240.803458
FRB20210826B 2.481021 4.915200 1205.332202 1174.940444 1177.365784
FRB20210826A 1.815119 1.966080 1012.693754 968.753147 975.190494
FRB20210827B 4.022937 4.915200 416.888777 379.936585 384.566603
FRB20210827E 2.124407 9.830400 365.844901 310.602901 314.063617
FRB20210827D 1.177266 1.966080 609.184660 540.489946 549.417871
FRB20210827C 2.443169 5.898240 1468.053166 1388.368227 1373.354861
FRB20210827A 2.909896 2.949120 266.242493 224.847848 236.732978
FRB20210828B 8.164698 1.966080 507.390168 376.048854 405.571751
FRB20210828A 20.780875 2.949120 313.916580 269.363558 277.917597
FRB20210829B 1.025235 1.966080 193.366943 157.256266 166.507577
FRB20210829A 2.695562 9.830400 801.954234 746.539747 748.440266
FRB20210829C 0.570697 1.966080 400.868640 368.301086 376.851301
FRB20210830G 6.869960 1.966080 373.093340 252.914546 263.033882
FRB20210830F 5.404084 4.915200 645.501155 458.965499 355.311660
FRB20210830D 3.807995 4.915200 714.258629 645.922434 639.696635
FRB20210830C 1.126699 1.966080 622.520939 601.767685 602.953592
FRB20210830B 2.721663 50.135038 774.141315 754.214166 753.347484
FRB20210830B 2.721663 50.135038 774.141315 754.214166 753.347484
FRB20210831A 2.925749 1.966080 766.681715 714.198737 722.615123
FRB20210901D 0.544178 3.932160 499.425283 470.037021 471.807994
FRB20210901C 1.225630 4.915200 390.734315 281.045552 243.515739
FRB20210901B 1.448830 5.898240 2043.983171 1929.174440 1895.426642
FRB20210901A 6.938550 7.864320 453.747720 396.593193 393.278592
FRB20210901A 6.938550 7.864320 453.747720 396.593193 393.278592
FRB20210902A 1.268311 1.966080 434.855576 385.305863 392.780162
FRB20210903B 4.441967 6.881280 2178.569967 2036.732942 1963.070833
FRB20210903A 2.565608 3.932160 1206.462213 1127.653993 1126.131683
FRB20210905A 6.150870 3.932160 614.995972 560.342716 563.198984
FRB20210906B 4.423993 3.932160 431.410713 392.141181 399.464590
FRB20210906A 5.627612 5.898240 1404.671807 857.744975 762.483129
FRB20210907A 5.706766 33.423363 349.583933 298.746643 303.683524
FRB20210908C 6.000803 4.915200 703.151444 488.939611 383.174217
FRB20210908B 16.227765 1.966080 254.133011 119.427728 104.684911
FRB20210908A 2.973949 0.983040 550.084158 503.959063 512.244105
FRB20210909B 87.372542 1.966080 426.710944 390.400192 400.618912
FRB20210909A 2.759522 2.949120 889.594285 863.524062 869.528787
FRB20210910C 8.841975 4.915200 854.516466 820.544165 825.119433
FRB20210910B 4.186085 2.949120 865.842151 822.938493 831.667064
FRB20210910A 6.513502 17.694720 1299.051789 1269.097151 1276.787461
FRB20210911C 2.494158 1.966080 892.806659 830.361431 842.790601
FRB20210911B 3.529679 10.813440 348.521451 252.623705 226.449445
FRB20210911A 0.807116 1.966080 348.713589 312.597625 324.499549
FRB20210912B 40.841612 11.796480 604.302996 573.881090 575.999310
FRB20210913B 2.170596 1.966080 688.507355 643.737406 649.700499
FRB20210913A 3.701739 13.762560 1019.030140 911.078828 876.300371
FRB20210914C 3.606248 1.966080 952.894929 749.437873 755.314641
FRB20210914B 2.456416 1.966080 916.000615 824.981154 842.691748
FRB20210914A 1.954437 1.966080 532.114581 376.709393 306.204508
FRB20210915A 5.307256 9.830400 1922.388974 1828.182459 1802.524283
FRB20210916B 1.327858 1.966080 332.432900 263.683238 276.795069
FRB20210916A 4.905245 2.949120 854.734521 688.041050 603.429120
FRB20210917B 1.346843 6.881280 1473.377313 1406.446823 1397.285311
FRB20210917A 1.974120 1.966080 1078.020593 1055.505472 1058.175743
FRB20210919A 1.602545 3.932160 981.683498 942.918280 950.017461
FRB20210920D 5.380396 9.830400 1201.253441 1125.538402 1120.591461
FRB20210920B 4.445993 2.949120 1131.256254 1079.798326 1084.004180
FRB20210920A 2.263923 0.983040 435.533379 388.486289 391.842643
FRB20210921B 1.253440 108.134403 229.584219 113.114542 65.837076
FRB20210922D 19.802262 11.796480 184.048570 128.785627 130.865811
FRB20210922C 175.180422 20.643840 262.453154 209.587434 214.189525
FRB20210922E 37.751416 5.898240 976.376998 916.189972 915.635702
FRB20210922B 2.115465 7.864320 157.675844 103.559877 106.453375
FRB20210922A 0.984233 1.966080 1260.617563 1231.372283 1240.524058
FRB20210923C 2.684995 10.813440 762.436323 466.878224 446.057942
FRB20210923B 3.021159 0.983040 301.883201 223.510351 222.525525
FRB20210923A 42.343064 7.864320 392.751305 330.436265 328.841932
FRB20210924A 9.896382 2.949120 952.644909 925.235958 932.022204
FRB20210925F 2.733286 17.694719 495.513706 370.489190 338.136605
FRB20210925F 2.733286 17.694719 495.513706 370.489190 338.136605
FRB20210925B 1.895467 3.932160 1027.000999 953.052252 950.038547
FRB20210925A 10.093569 1.966080 264.606265 136.848143 86.547928
FRB20210925E 0.831904 3.932160 523.460853 396.082447 347.900014
FRB20210926A 4.534678 1.966080 784.148010 726.511463 727.766422
FRB20210927A 2.661978 4.915200 329.501860 266.897692 268.293252
FRB20210927C 1.228576 2.949120 707.890110 655.753020 662.319918
FRB20210927B 1.104519 92.405768 803.597939 731.509556 715.664559
FRB20210928B 1.781784 1.966080 286.922771 187.375422 208.224021
FRB20210928A 1.918776 1.966080 368.112225 308.757825 309.448271
FRB20210929B 8.641100 2.949120 664.144593 638.335940 643.846065
FRB20210929D 0.595209 1.966080 541.595441 512.430020 519.854285
FRB20210929A 3.740921 8.847361 320.440096 292.354769 296.946562
FRB20210930C 1.736219 1.966080 692.176633 634.282193 636.575281
FRB20210930B 4.927750 8.847360 374.549782 322.631459 326.804264
FRB20210930F 35.939752 1.966080 290.816791 201.026099 195.681099
FRB20211001E 0.600285 1.966080 313.362231 265.141650 273.672630
FRB20211001B 24.668950 1.966080 378.669144 186.373485 109.059401
FRB20211001D 4.150303 3.932160 555.551839 516.188286 527.202335
FRB20211001F 0.734488 2.949120 331.977147 301.737913 308.398122
FRB20211001C 2.697261 7.864321 407.542710 356.909711 361.499669
FRB20211002B 1.233036 2.949120 368.728129 292.347305 308.175749
FRB20211002A 2.726048 1.966080 445.708096 387.720031 389.301149
FRB20211003G 2.609054 1.966080 141.363776 92.574666 97.601595
FRB20211003D 4.670339 1.966080 780.302532 713.121522 697.355421
FRB20211003D 4.670339 1.966080 780.302532 713.121522 697.355421
FRB20211003C 2.284551 5.898240 213.981771 190.038264 202.042517
FRB20211003B 3.528358 1.966080 544.251849 492.118952 496.219508
FRB20211003A 3.578243 1.966080 320.735012 291.373892 293.548026
FRB20211004E 12.358545 1.966080 555.924189 506.669827 512.387768
FRB20211004C 2.385911 3.932160 1463.945579 1414.910950 1420.223737
FRB20211004B 0.612404 3.932160 445.810613 425.410206 434.088515
FRB20211004A 0.933080 1.966080 391.945257 370.174460 372.166943
FRB20211005B 6.585044 33.423355 558.517026 527.077600 534.923834
FRB20211005B 6.585044 33.423355 558.517026 527.077600 534.923834
FRB20211005B 6.585044 33.423355 558.517026 527.077600 534.923834
FRB20211005B 6.585044 33.423355 558.517026 527.077600 534.923834
FRB20211005A 66.742447 1.966080 226.145811 198.399454 199.486927
FRB20211006F 1.888664 4.915200 506.164548 465.027248 472.043456
FRB20211006E 2.276164 3.932159 503.077123 202.031811 271.326576
FRB20211006C 5.206483 12.779518 956.165928 902.209022 886.928552
FRB20211006B 4.697881 1.966080 310.252795 263.676973 270.253535
FRB20211006A 43.687136 4.915200 276.466684 246.747006 263.882058
FRB20211006G 2.039356 13.762561 170.062399 138.672235 146.477961
FRB20211007A 3.959287 13.762558 1031.781102 1003.458421 1012.180258
FRB20211008E 2.086595 1.966080 257.419603 76.878097 74.934250
FRB20211008D 2.639334 1.966080 256.419862 189.794129 194.967306
FRB20211008C 1.888081 1.966080 1035.801201 994.490468 1002.989110
FRB20211008F 2.128353 6.881281 1033.416702 975.435194 976.418925
FRB20211008B 3.156173 23.592962 927.565358 851.865362 832.702085
FRB20211008A 0.426748 7.864319 455.869260 424.612238 429.587632
FRB20211009A 1.501521 1.966080 785.803077 601.007072 522.418887
FRB20211010A 4.499678 1.966080 612.450754 579.671838 590.841268
FRB20211011B 6.817226 9.830398 375.068222 339.411896 347.933135
FRB20211011C 2.184239 3.932159 907.995788 831.950024 819.054351
FRB20211011D 0.791502 2.949120 723.149023 694.902414 702.905463
FRB20211011A 6.429231 53.084164 633.055087 601.382814 609.364627
FRB20211012D 10.641875 27.525122 533.433546 460.440495 446.951741
FRB20211012C 2.035411 1.966080 685.832315 649.933886 657.604568
FRB20211012B 4.600387 2.949120 695.450417 672.837380 674.290736
FRB20211012A 4.326152 13.762561 1165.584446 1141.421379 1144.010914
FRB20211013C 7.664177 3.932160 1733.983027 1683.439972 1687.947792
FRB20211013B 5.944197 14.745598 543.655778 364.401827 356.319974
FRB20211013D 1.706237 2.949120 1091.288259 1005.221429 993.298022
FRB20211013A 7.013896 13.762564 983.299735 821.830065 770.170228
FRB20211014C 0.596851 2.949121 438.576327 406.022299 415.206221
FRB20211014A 1.796922 1.966080 412.623001 382.722099 388.485297
FRB20211015C 3.533022 1.966081 861.004516 662.851502 536.713546
FRB20211015B 35.231150 39.321613 504.536081 463.516737 469.969362
FRB20211015A 3.017477 13.762558 565.137966 523.075828 534.664671
FRB20211020A 6.905316 2.949120 259.787129 211.182804 221.687035
FRB20211021B 1.122376 2.949120 670.409637 568.922168 536.747121
FRB20211021A 1.308417 1.966080 282.673741 223.060381 223.140590
FRB20211022C 4.529413 1.966080 1234.896735 1194.222706 1202.025696
FRB20211022B 9.947163 34.406399 634.334203 600.641173 609.337130
FRB20211022A 3.153901 2.949120 997.579684 959.172833 965.872761
FRB20211023A 4.276419 25.559040 528.544556 437.811496 417.975534
FRB20211024A 6.127161 2.949120 1201.411251 1166.042578 1176.294537
FRB20211025B 4.526119 14.745600 415.500468 337.372368 324.128948
FRB20211025A 4.152917 3.932160 976.735084 927.268441 932.446175
FRB20211026A 5.253580 7.864320 2184.989087 2112.151477 2106.984720
FRB20211027A 2.184169 4.915200 666.791927 548.601361 506.733277
FRB20211028A 1.904168 1.966080 1128.218347 1052.527989 1057.109418
FRB20211030B 1.757507 2.949120 833.239188 788.010930 796.997183
FRB20211031B 3.424119 24.575999 1472.985789 1421.816767 1421.079475
FRB20211101A 1.867090 63.897598 1167.789056 1126.886633 1133.556372
FRB20211102D 22.098332 1.966080 1084.086060 1007.264824 1001.556497
FRB20211102C 21.971570 1.966080 169.515722 109.626807 110.262150
FRB20211102B 3.826021 3.932160 448.465970 400.823527 407.936971
FRB20211102E 4.983568 8.847360 250.718340 184.638140 180.760255
FRB20211102E 4.983568 8.847360 250.718340 184.638140 180.760255
FRB20211102A 2.916835 1.966080 862.562214 831.429535 840.618865
FRB20211103E 3.454755 1.966080 505.415512 407.947844 434.389429
FRB20211103C 2.471070 1.966080 785.175803 687.283099 705.173230
FRB20211103D 2.831360 6.881280 711.085683 543.799166 442.912483
FRB20211103A 7.084742 31.457279 667.352207 631.581750 643.910962
FRB20211104E 1.129957 4.915200 461.857356 397.084318 406.143249
FRB20211104D 75.326245 4.915199 278.930195 247.643045 258.016415
FRB20211104C 2.050715 3.932160 2586.215327 2491.737071 2466.884111
FRB20211104A 1.360646 3.932160 958.907425 922.327881 929.886974
FRB20211105E 4.092349 71.761926 474.942558 351.728971 327.539869
FRB20211105D 1.975946 3.932160 416.124267 378.907224 391.532013
FRB20211105C 5.716165 1.966080 321.887838 268.478784 272.036407
FRB20211105B 3.284936 1.966080 511.483588 473.030930 482.301666
FRB20211105A 27.458771 1.966080 164.338644 128.710967 140.560683
FRB20211106B 2.714225 1.966080 284.647744 223.815573 223.369374
FRB20211106A 8.148408 4.915200 710.165487 640.158854 634.389824
FRB20211107C 12.092687 1.966080 344.656590 291.448445 294.377929
FRB20211107B 4.129126 1.966080 542.754516 519.091740 521.168886
FRB20211107A 7.722220 1.966080 1028.061224 982.134986 989.456632
FRB20211108B 2.726912 3.932160 803.261307 678.116057 686.274961
FRB20211108A 10.805190 14.745598 1021.242863 965.369818 973.467427
FRB20211108A 10.805190 14.745598 1021.242863 965.369818 973.467427
FRB20211109A 1.046519 1.966080 594.837005 561.598102 574.358130
FRB20211110A 1.073459 2.949120 1300.059045 1235.581124 1245.346602
FRB20211111C 0.838854 1.966080 285.799908 177.059618 183.326253
FRB20211111B 8.089565 3.932160 1150.981015 1050.039471 1019.207785
FRB20211112D 10.413817 5.898239 452.019427 385.936557 382.113173
FRB20211112C 2.688163 1.966080 417.364992 378.992209 387.646709
FRB20211112E 1.542785 9.830401 741.131796 661.751564 647.762377
FRB20211112B 4.717289 5.898240 1186.837007 1159.992393 1161.581750
FRB20211112B 4.717289 5.898240 1186.837007 1159.992393 1161.581750
FRB20211112A 1.996827 1.966080 354.284541 318.069967 324.490523
FRB20211113B 14.055672 1.966080 422.129248 376.131106 381.606433
FRB20211113A 5.744784 1.966080 1467.881278 1427.620551 1434.109817
FRB20211115A 7.361384 9.830398 188.746032 115.673198 111.343501
FRB20211115A 7.361384 9.830398 188.746032 115.673198 111.343501
FRB20211115C 10.751742 62.914565 1727.157045 1692.496480 1700.395326
FRB20211116C 3.772247 11.796478 885.410860 830.560908 838.939133
FRB20211116C 3.772247 11.796478 885.410860 830.560908 838.939133
FRB20211116C 3.772247 11.796478 885.410860 830.560908 838.939133
FRB20211116B 10.152412 2.949120 833.431583 778.972658 781.490038
FRB20211116A 1.231324 3.932161 774.993759 711.328278 710.946608
FRB20211117F 1.120487 1.966080 1020.523609 928.181851 916.254388
FRB20211117C 10.167399 13.762564 493.540035 440.470862 448.596392
FRB20211117B 2.591865 13.762564 944.481136 902.551178 913.487448
FRB20211117D 1.036317 1.966080 256.442607 190.258598 184.891443
FRB20211117A 4.909353 68.812822 409.966010 380.428572 388.198093
FRB20211118A 7.250138 1.966080 487.816187 433.810445 429.967886
FRB20211119B 17.417118 14.745605 478.900758 412.778035 391.568763
FRB20211119B 17.417118 14.745605 478.900758 412.778035 391.568763
FRB20211119B 17.417118 14.745605 478.900758 412.778035 391.568763
FRB20211119C 2.185106 16.711677 1928.991076 1794.585404 1735.767119
FRB20211119A 56.653452 21.626877 504.039306 478.311643 479.057259
FRB20211119E 1.745427 4.915199 210.260371 176.871443 183.102141
FRB20211119E 1.745427 4.915199 210.260371 176.871443 183.102141
FRB20211119E 1.745427 4.915199 210.260371 176.871443 183.102141
FRB20211120D 5.650882 2.949121 984.092866 930.728508 937.798697
FRB20211120D 5.650882 2.949121 984.092866 930.728508 937.798697
FRB20211120B 3.204590 3.932161 359.110501 277.230709 267.378200
FRB20211120A 1.517901 1.966081 462.119098 433.440047 440.724459
FRB20211121C 4.370250 7.864319 422.855585 402.922512 403.096939
FRB20211121B 16.708014 29.491195 870.531937 840.726199 848.612236
FRB20211121A 5.050538 3.932161 606.798896 556.958549 561.824275
FRB20211122A 22.277298 2.949120 202.465644 152.952373 161.039999
FRB20211122E 0.897504 1.966081 437.713829 245.152212 138.520176
FRB20211122B 13.757512 1.966080 418.853098 387.507635 395.398142
FRB20211122D 0.944226 1.966080 602.606743 552.139573 557.288763
FRB20211122C 2.867619 5.898239 842.609864 788.436003 791.977909
FRB20211123A 2.358508 1.966081 384.166718 363.996087 369.358419
FRB20211123B 13.928159 3.932159 1004.805606 954.636268 961.611467
FRB20211124A 0.567769 1.966081 428.028294 389.988441 397.157773
FRB20211124B 1.571565 1.966080 575.701759 546.738856 548.696926
FRB20211125C 1.748433 3.932161 779.342782 645.566206 593.288838
FRB20211125D 2.253929 1.966081 532.003043 479.713055 484.159713
FRB20211126C 5.934811 2.949120 598.465559 547.907130 552.659427
FRB20211126B 4.798991 9.830398 711.836050 656.722150 659.649286
FRB20211127C 7.717709 9.830403 456.862762 379.572285 371.099607
FRB20211127H 1.048813 1.966080 318.976202 253.559147 248.983190
FRB20211127G 1.313107 1.966080 419.998584 266.619734 184.358289
FRB20211127F 1.233768 3.932161 185.246684 94.052503 70.551244
FRB20211127B 4.531580 1.966081 470.639608 450.700470 449.987377
FRB20211127A 2.180418 1.966080 543.947958 492.997676 497.589920
FRB20211127E 1.486579 18.677757 840.111427 796.761428 802.681964
FRB20211127D 2.227636 3.932161 577.494234 511.360081 525.402676
FRB20211128E 2.721989 8.847359 1834.863511 1715.795993 1706.361089
FRB20211128G 5.423366 9.830403 1303.792708 1195.827884 1158.708662
FRB20211128D 8.213199 5.898239 550.953135 489.944608 489.418728
FRB20211128C 2.010342 1.966080 828.273283 785.976817 795.563556
FRB20211128A 3.488809 1.966081 171.856717 140.578720 148.503048
FRB20211128F 1.611953 2.949120 679.357861 637.379854 643.659437
FRB20211129A 4.285763 27.525129 887.028500 832.103203 840.494710
FRB20211130A 2.007403 12.779518 380.701692 299.317228 283.993131
FRB20211202C 1.045495 1.966081 730.927705 700.886708 708.942250
FRB20211202B 2.183707 5.898242 400.534837 355.596211 361.281014
FRB20211203B 14.052792 1.966081 638.964818 603.074792 612.171926
FRB20211203A 1.607702 4.915199 1522.527341 1489.755469 1497.376304
FRB20211204C 8.298928 11.796484 383.496919 327.935235 330.462571
FRB20211204B 3.449341 99.287025 425.893144 238.665884 149.006786
FRB20211204A 5.120486 1.966080 900.931564 869.033503 877.338130
FRB20211205C 0.511316 1.966081 296.304446 221.837028 229.194527
FRB20211205E 1.268183 4.915202 480.338776 445.106392 453.172731
FRB20211205B 3.572510 2.949121 342.042786 320.062277 319.718578
FRB20211206C 5.026039 3.932159 1018.720556 963.872493 969.593611
FRB20211207A 2.709002 1.966080 1197.642795 1146.442075 1151.140324
FRB20211208A 3.577450 2.949120 506.125722 442.682865 452.610604
FRB20211209B 1.947713 1.966080 1218.458502 1155.839282 1154.744578
FRB20211209A 2.683726 1.966080 1049.596392 895.092072 924.727410
FRB20211210B 2.353668 1.966080 173.676097 52.684705 2.758590
FRB20211210D 1.782019 6.881279 1287.962531 1175.598212 1180.719048
FRB20211210C 0.977007 1.966080 844.213691 751.885526 747.414099
FRB20211210A 3.741702 1.966080 346.302319 282.197784 279.667862
FRB20211211E 4.730543 3.932159 243.106608 196.660907 203.003771
FRB20211211D 8.023847 6.881279 293.487372 133.917654 38.140034
FRB20211211C 11.274594 2.949120 1097.969903 960.126381 905.071237
FRB20211211B 1.975390 1.966080 226.311420 185.839251 194.443706
FRB20211211A 2.424637 2.949120 319.447232 297.700061 298.169857
FRB20211212B 12.951674 81.592307 1076.763130 1041.510874 1048.756585
FRB20211213B 1.828594 3.932159 445.589993 394.362356 397.621298
FRB20211213A 1.851317 1.966080 340.866326 271.640548 266.372984
FRB20211214C 5.111886 7.864319 1516.668368 1461.664859 1460.821332
FRB20211214B 2.741880 1.966080 950.887524 919.421414 928.909685
FRB20211215C 1.206922 2.949120 1157.854007 1056.863855 1027.095781
FRB20211215B 2.620075 1.966082 459.361691 430.189365 438.088022
FRB20211215A 4.721106 7.864326 1213.467563 1078.344163 1051.214544
FRB20211216B 2.633481 2.949120 454.527588 304.462915 280.100918
FRB20211216A 4.032372 7.864326 479.469845 439.154384 446.581077
FRB20211217D 2.178155 1.966082 640.240954 588.036903 592.004446
FRB20211217A 10.667305 0.983040 424.147978 367.253376 376.146161
FRB20211218C 1.662679 1.966080 1183.437379 1102.891187 1088.962034
FRB20211218B 14.430196 26.542101 548.358689 495.755084 503.678405
FRB20211218A 7.955690 14.745598 400.437806 346.098912 349.092425
FRB20211218D 1.545197 8.847359 242.521074 140.025825 144.177207
FRB20211219D 22.527939 3.932159 805.846118 754.134299 758.760491
FRB20211219C 3.990819 5.898239 567.892911 532.027406 544.690733
FRB20211219B 3.990522 1.966080 458.487955 404.411318 415.580426
FRB20211219A 1.761028 7.864319 1522.533377 1433.206499 1427.537375
FRB20211220B 3.016969 1.966080 222.010461 59.597342 20.869115
FRB20211220A 5.817533 7.864319 323.768392 200.554286 174.653372
FRB20211222E 1.712210 3.932163 1701.101303 1577.282365 1586.797524
FRB20211222C 1.720475 1.966080 432.179041 354.728646 361.655287
FRB20211222A 1.246497 1.966080 712.591250 680.392898 694.826066
FRB20211222D 1.715798 7.864319 758.850733 699.296207 704.434887
FRB20211223A 7.429488 1.966080 267.053530 213.522401 217.023880
FRB20211225B 0.416141 2.949120 384.457530 156.045557 47.413797
FRB20211225A 5.973663 1.966080 830.320242 784.900820 790.848838
FRB20211225A 5.973663 1.966080 830.320242 784.900820 790.848838
FRB20211226A 3.725807 8.847359 839.595848 783.479794 786.138408
FRB20211228B 6.223257 11.796478 274.366713 242.671323 251.138890
FRB20211229C 11.283160 9.830398 842.261518 805.261357 812.403324
FRB20211229B 2.110308 1.966082 913.872709 870.616324 876.745079
FRB20211230B 1.098297 2.949120 673.437426 627.614641 635.861589
FRB20211231B 4.506096 2.949120 905.722926 790.339366 765.582496
FRB20211231A 5.683682 16.711693 600.765810 555.687281 563.695913
FRB20220104B 1.735287 7.864319 294.642055 118.146733 84.065638
FRB20220104D 1.504246 1.966080 1149.698234 1111.960896 1125.039861
FRB20220104C 3.864551 4.915199 763.515618 740.277209 743.468311
FRB20220104E 14.031778 84.541427 1059.177453 1037.512749 1037.563845
FRB20220104A 7.899850 22.609917 670.813503 595.069436 604.069175
FRB20220105D 2.689329 3.932163 697.096855 653.404731 660.109911
FRB20220105C 1.857250 1.966080 501.261680 461.150523 469.119016
FRB20220105E 4.151363 5.898239 512.179406 418.152727 392.022158
FRB20220105B 19.575535 11.796478 593.516287 549.731189 555.675677
FRB20220106B 5.932600 1.966080 653.953830 592.223641 584.128870
FRB20220106A 1.646494 1.966082 603.127008 541.936388 546.103361
FRB20220107C 9.256514 44.236793 592.267202 523.773695 510.442780
FRB20220108C 1.849542 2.949120 585.525693 525.009782 528.504237
FRB20220108A 7.698967 1.966080 1043.552119 968.076228 957.133891
FRB20220108B 4.036639 21.626877 1448.475524 1348.465696 1331.239058
FRB20220109C 1.443574 4.915199 378.574384 265.782683 220.367512
FRB20220109B 3.499566 4.915199 387.268810 254.585840 198.907069
FRB20220113A 3.402262 1.966080 720.171930 668.014273 671.974363
FRB20220114A 2.042325 3.932160 973.614890 813.158825 823.458265
FRB20220115B 18.183974 5.898240 523.564986 494.322263 502.002595
FRB20220115A 5.106585 1.966080 173.951715 105.087536 100.709592
FRB20220118A 11.377976 2.949120 328.445911 269.523294 274.325784
FRB20220118A 11.377976 2.949120 328.445911 269.523294 274.325784
FRB20220119A 14.886541 8.847360 730.743126 686.702815 692.934624
FRB20220119A 14.886541 8.847360 730.743126 686.702815 692.934624
FRB20220121A 2.655727 3.932160 357.164106 315.472556 322.769606
FRB20220122C 2.696225 1.966080 576.719701 516.285398 520.453128
FRB20220122B 5.005429 1.966080 213.890193 190.386862 190.656065
FRB20220122A 7.596773 3.932160 683.991424 398.515899 366.405084
FRB20220124C 1.110861 1.966080 250.253559 105.133037 62.507512
FRB20220124A 4.835874 4.915200 268.827728 220.939020 228.566304
FRB20220124A 4.835874 4.915200 268.827728 220.939020 228.566304
FRB20220126C 2.432965 1.966080 720.131348 689.943197 698.274695
FRB20220126B 6.818994 15.728641 790.065562 644.219513 582.292121
FRB20220127A 7.674078 57.999360 1261.858103 1138.400030 1133.666293
FRB20220128D 9.100968 1.966080 662.146956 599.528432 603.365999
FRB20220128C 5.261763 1.966080 262.217164 203.483225 204.136168
FRB20220128B 22.947349 2.949120 593.928188 566.539790 569.012876
FRB20220128A 8.265092 21.626880 939.967307 891.475539 898.885259
FRB20220129A 4.810294 2.949120 179.863857 135.186752 140.915339
FRB20220130C 1.789298 1.966080 881.822041 851.800445 860.989186
FRB20220130B 109.618326 32.440320 218.801011 181.692085 189.855806
FRB20220130A 5.832061 8.847360 1503.710279 1459.327980 1465.226427
FRB20220131A 4.844555 2.949120 570.776654 512.851749 516.842020
FRB20220131B 6.617626 4.915200 650.835690 480.454931 528.642979
FRB20220201C 1.306261 1.966080 212.099613 120.517707 97.066263
FRB20220201B 1.366612 1.966080 689.003434 637.319688 641.617326
FRB20220202B 5.174939 9.830400 484.853284 432.242929 436.342069
FRB20220203C 12.159167 31.457283 368.329069 329.191061 339.375215
FRB20220203B 5.014556 2.949120 540.271221 501.616833 511.630513
FRB20220205B 3.594892 4.915200 629.194086 550.255230 532.456547
FRB20220205A 2.579152 1.966080 779.809525 720.051782 722.971763
FRB20220206B 3.165885 26.542079 324.455598 287.412193 294.222546
FRB20220206A 6.420192 15.728639 440.708054 383.674010 385.437525
FRB20220206A 6.420192 15.728639 440.708054 383.674010 385.437525
FRB20220209C 4.006924 6.881281 1540.382476 1505.555432 1515.753997
FRB20220209B 6.063229 1.966080 393.804839 231.202473 132.489399
FRB20220210A 3.199504 1.966080 518.528330 456.742193 462.716177
FRB20220211D 2.093480 2.949120 855.278987 771.198141 764.537973
FRB20220211B 4.542526 7.864321 720.562157 685.238145 692.297351
FRB20220211A 3.185048 1.966080 274.108206 226.717815 232.091331
FRB20220211C 7.546766 27.525122 1208.374862 1134.483962 1145.932055
FRB20220212B 8.550864 6.881279 367.023990 335.991335 344.842003
FRB20220212A 8.612576 8.847359 1079.549677 1055.357330 1059.482981
FRB20220213B 2.343218 1.966080 801.112598 616.169491 513.571535
FRB20220214E 11.168049 11.796481 1147.657680 966.393963 871.087189
FRB20220214C 3.794306 1.966080 578.373961 523.858062 531.867412
FRB20220214B 5.516365 4.915200 508.863972 377.141388 371.677427
FRB20220214A 3.972334 2.949120 794.619983 728.322514 734.556689
FRB20220215A 4.038896 2.949120 481.830193 451.449326 459.292359
FRB20220216A 3.692786 2.949120 530.810736 469.139276 480.955987
FRB20220218B 18.591939 21.626882 306.741686 266.007111 273.627579
FRB20220218A 14.068877 1.966080 594.427286 405.937426 278.524443
FRB20220219A 24.550760 30.474243 854.556993 787.521293 797.071503
FRB20220220C 7.854833 6.881279 166.439989 100.009277 95.871874
FRB20220220B 14.524340 3.932160 172.906208 134.266127 144.045537
FRB20220220A 4.626046 2.949120 297.640311 261.104556 274.283367
FRB20220221B 1.833556 7.864321 341.893854 181.880234 88.591481
FRB20220221A 4.591833 0.983040 253.194604 157.000268 130.446854
FRB20220222A 46.274396 11.796478 479.621259 418.147807 430.100004
FRB20220222B 312.249192 18.677757 180.259654 129.516474 137.173463
FRB20220224A 7.779273 7.864319 349.258769 304.970461 311.154608
FRB20220225D 4.070282 11.796478 216.934026 148.898139 142.015114
FRB20220225H 2.029235 0.983040 397.805547 345.168918 349.077512
FRB20220225C 6.496835 13.762564 335.223984 212.688671 234.904475
FRB20220225C 6.496835 13.762564 335.223984 212.688671 234.904475
FRB20220225B 2.000635 1.966080 591.205592 536.773976 540.178991
FRB20220225G 3.099736 7.864319 489.495029 444.533542 451.311496
FRB20220225F 2.150977 2.949120 810.952661 644.966183 540.631237
FRB20220226B 1.894141 2.949121 526.225867 491.641317 498.961114
FRB20220226A 4.289361 1.966080 579.650707 493.226083 487.169061
FRB20220227B 1.363513 1.966080 666.479241 578.326966 557.957920
FRB20220227A 1.076832 1.966081 301.261584 186.252342 139.385152
FRB20220228E 3.656076 5.898239 471.877582 308.830106 233.695503
FRB20220228F 1.401228 3.932159 858.862140 816.509298 826.308097
FRB20220228C 2.527588 18.677757 666.566194 617.126455 622.314752
FRB20220228A 3.449175 3.932159 2477.707833 2446.158841 2452.273354
FRB20220301F 0.285631 1.966080 556.946242 426.114992 399.271227
FRB20220301E 12.893973 1.966080 114.687554 67.678757 73.043790
FRB20220301D 0.568936 1.966081 281.176285 148.396836 96.859858
FRB20220301C 2.814120 1.966081 543.214051 504.303272 512.999268
FRB20220301B 3.407151 5.898242 264.013256 234.195773 236.947865
FRB20220302C 2.918771 1.966081 485.409197 435.804830 440.926783
FRB20220303C 0.796489 1.966080 778.888388 738.750718 749.665165
FRB20220303B 3.137998 4.915199 1008.916701 967.245194 974.929714
FRB20220303A 5.987147 2.949120 927.891776 871.552553 873.434847
FRB20220304A 3.211884 1.966081 334.299127 268.153243 266.902428
FRB20220305A 3.019415 8.847359 2076.721905 2039.392956 2052.493026
FRB20220306B 5.373775 6.881279 562.793726 375.488125 275.575456
FRB20220306B 5.373775 6.881279 562.793726 375.488125 275.575456
FRB20220306A 0.918503 2.949120 738.738914 699.393094 704.777680
FRB20220307A 2.467978 3.932161 726.443729 700.562110 705.820224
FRB20220308C 0.247099 1.966080 214.050242 192.324613 202.112029
FRB20220308E 1.472589 1.966080 509.939253 489.986581 490.184197
FRB20220308B 2.296152 1.966080 431.038166 350.649864 335.596338
FRB20220308A 3.180599 3.932159 358.629221 303.962538 308.777401
FRB20220308D 9.649386 20.643847 358.667527 300.606838 304.742621
FRB20220308D 9.649386 20.643847 358.667527 300.606838 304.742621
FRB20220309A 6.845072 3.932161 1084.669825 1063.035945 1063.240071
FRB20220309B 0.864952 1.966081 655.915382 620.886065 628.737511
FRB20220309C 1.128502 23.592956 1749.698685 1579.045073 1562.034707
FRB20220310D 1.173649 1.966080 361.035881 312.529728 317.489788
FRB20220310C 0.576584 1.966080 740.804619 690.015890 694.755289
FRB20220310A 4.353760 1.966080 462.218248 415.930748 422.592934
FRB20220310B 1.357363 1.966080 851.917418 813.375271 820.605048
FRB20220310E 1.650215 1.966081 443.858566 301.139766 278.937150
FRB20220311D 7.988883 1.966081 778.759197 732.778948 740.327279
FRB20220311A 3.718500 5.898239 699.714034 625.018392 626.987945
FRB20220312C 2.125439 1.966080 331.011808 183.278623 118.994906
FRB20220312B 1.530320 4.915199 331.027689 212.176486 163.048266
FRB20220313E 2.280599 2.949121 576.717456 385.926095 299.385184
FRB20220313D 1.567344 1.966081 232.153680 135.046682 108.417060
FRB20220313C 2.220814 11.796478 456.186700 326.072290 270.610821
FRB20220313A 4.403389 36.372474 728.813852 567.018625 529.596373
FRB20220314A 2.585017 14.745598 392.509021 340.441634 347.574754
FRB20220315E 0.939355 1.966080 1519.033649 1359.869808 1314.508591
FRB20220315D 16.920168 2.949120 385.134882 312.043482 285.176205
FRB20220315C 3.300905 7.864319 577.407274 526.725637 531.443470
FRB20220315B 3.043296 1.966080 405.395621 367.048397 371.862235
FRB20220315A 3.574711 8.847363 505.718120 453.306691 459.680225
FRB20220316F 1.195449 1.966080 353.527851 296.618413 296.043144
FRB20220316E 7.675573 32.440330 1651.133478 1621.080307 1623.663209
FRB20220316D 1.675765 1.966080 277.162460 231.831944 237.521824
FRB20220316C 4.582333 1.966080 984.683851 890.876794 886.067291
FRB20220316B 26.299178 0.983040 349.529252 277.802595 286.325081
FRB20220316B 26.299178 0.983040 349.529252 277.802595 286.325081
FRB20220316B 26.299178 0.983040 349.529252 277.802595 286.325081
FRB20220317E 1.298486 3.932159 655.820681 585.987712 568.471528
FRB20220317D 4.543019 1.966082 514.978787 487.946741 490.494365
FRB20220317C 14.760881 27.525116 228.011766 137.317698 151.552336
FRB20220317B 5.716809 21.626877 1261.658055 1139.213500 1134.166530
FRB20220317B 5.716809 21.626877 1261.658055 1139.213500 1134.166530
FRB20220318C 3.386503 13.762558 826.432324 786.490367 798.991798
FRB20220318B 0.585943 1.966080 612.693387 581.228351 589.925361
FRB20220318A 13.064226 7.864319 455.574803 349.713118 312.456706
FRB20220319A 1.542821 6.881279 1260.114952 1179.491710 1164.687581
FRB20220320B 9.866073 14.745598 308.902411 282.627946 288.180536
FRB20220320A 8.259359 5.898239 850.622053 779.799431 792.746464
FRB20220321F 2.013720 1.966080 243.352738 181.723823 176.579796
FRB20220321E 3.409974 2.949122 714.865907 664.661217 667.513107
FRB20220321D 8.488910 4.915199 228.803389 188.162472 199.945624
FRB20220321B 8.942054 25.559060 481.323340 459.106115 458.715582
FRB20220321A 12.764100 1.966080 722.157770 661.440782 673.285181
FRB20220322B 1.066688 3.932159 334.647531 83.547214 90.959940
FRB20220322A 1.436728 2.949120 1276.269427 1176.606708 1168.014936
FRB20220323B 11.702692 3.932159 1071.004860 780.731308 871.182629
FRB20220323A 3.408697 3.932159 1436.575489 1359.840711 1348.608937
FRB20220324C 1.765744 1.966080 336.781236 279.149410 280.305780
FRB20220324B 2.220221 1.966080 689.486201 655.665329 667.972868
FRB20220324A 2.057226 1.966082 385.749082 340.372073 349.161783
FRB20220325D 3.600741 25.559036 557.848947 507.248998 511.779535
FRB20220325C 2.165012 1.966080 518.259123 459.359868 460.005119
FRB20220325B 4.182378 2.949120 512.133043 473.434418 480.997417
FRB20220326A 2.196347 6.881279 1510.219533 1462.061145 1467.159388
FRB20220328C 1.353359 2.949120 299.929269 242.091004 243.762396
FRB20220328B 4.243236 5.898239 1442.298787 1404.064788 1412.067555
FRB20220329C 2.023105 2.949120 819.898773 794.576087 799.659424
FRB20220329A 3.734930 1.966080 648.128923 576.621440 584.981035
FRB20220330C 2.522850 3.932160 1097.608767 1061.790546 1073.058772
FRB20220330B 3.050064 2.949120 588.859060 535.181934 545.009742
FRB20220330A 8.150984 3.932160 664.878528 439.219841 335.823247
FRB20220331B 3.002008 5.898240 1270.360260 1141.248319 1088.802538
FRB20220331A 1.618912 2.949120 221.044732 164.952395 167.462766
FRB20220401A 5.665280 1.966080 742.797258 370.832135 446.454847
FRB20220405C 0.117961 1.966080 298.926927 262.708693 271.794088
FRB20220405B 3.552089 26.542080 953.402145 906.233918 914.488959
FRB20220405A 1.412175 1.966080 462.356486 374.077139 353.512217
FRB20220407B 0.136117 6.881280 416.881562 380.906929 389.465567
FRB20220407A 11.334800 4.915200 839.665095 799.751053 804.580997
FRB20220408C 2.258345 1.966080 204.737992 155.629912 160.969091
FRB20220408B 2.285343 6.881280 452.924278 410.282463 418.064380
FRB20220409B 14.718304 21.626881 654.357280 622.474327 630.285249
FRB20220409A 1.710119 1.966080 1324.882769 1267.396710 1271.544658
FRB20220410A 10.557115 1.966080 397.119465 166.588116 234.227935
FRB20220411B 3.025254 17.694721 1152.521686 1105.911232 1115.035723
FRB20220411A 5.195808 14.745599 507.382368 351.131570 258.984143
FRB20220412B 1.211300 1.966080 707.939311 656.431583 660.794855
FRB20220413C 4.163669 32.440319 889.671358 838.867147 843.728971
FRB20220413B 14.656301 1.966080 115.714106 73.125697 79.243661
FRB20220413A 9.516454 9.830400 513.140043 323.863619 381.306390
FRB20220414C 1.552565 1.966080 288.237971 247.225368 253.565211
FRB20220415D 0.571754 1.966080 453.699144 396.988220 394.053201
FRB20220415C 2.808373 12.779520 1359.039788 1335.172222 1336.221970
FRB20220415B 2.144273 1.966080 400.948954 305.387542 285.126547
FRB20220415A 6.027223 1.966080 256.352260 205.845407 214.062956
FRB20220416A 8.573818 1.966080 797.882787 490.688678 471.945493
FRB20220417A 3.428226 3.932159 302.249082 256.010720 262.717500
FRB20220419A 2.194206 23.592956 390.993388 344.120253 351.985478
FRB20220420E 5.622304 13.762560 407.478576 376.542738 394.293926
FRB20220420E 5.622304 13.762560 407.478576 376.542738 394.293926
FRB20220420D 4.044095 7.864320 502.086536 471.339516 480.791137
FRB20220420C 2.069459 5.898240 749.728411 729.727283 730.206602
FRB20220420B 5.824341 9.830400 673.672186 597.504327 608.294511
FRB20220421E 1.837127 1.966080 580.686263 521.928235 523.181303
FRB20220421D 4.116914 6.881280 248.042369 225.035352 227.475747
FRB20220421C 1.913440 1.966080 616.900399 570.342022 575.856508
FRB20220421A 5.980803 1.966080 268.080316 125.487701 51.056857
FRB20220423C 4.242356 1.966080 1266.327889 1143.816502 1104.470306
FRB20220423A 3.633081 9.830400 692.871766 660.242273 667.960907
FRB20220424D 6.156921 13.762560 3200.123916 3167.012398 3175.382415
FRB20220424C 5.915957 1.966080 891.864422 850.131593 857.489401
FRB20220424C 5.915957 1.966080 891.864422 850.131593 857.489401
FRB20220424B 0.932823 1.966080 314.576133 221.430157 231.789049
FRB20220424A 2.627676 20.643840 1372.955533 1311.039447 1311.827935
FRB20220425A 1.812161 3.932160 604.787621 562.022733 570.570262
FRB20220426D 1.252156 1.966080 188.043029 168.049587 168.261284
FRB20220426C 1.238038 11.796481 903.491573 870.670191 878.310421
FRB20220426B 1.884577 5.898240 174.541882 117.458366 125.998788
FRB20220426A 8.373951 1.966080 907.066506 817.859045 811.288920
FRB20220426A 8.373951 1.966080 907.066506 817.859045 811.288920
FRB20220430B 1.072602 1.966080 385.060729 362.759022 373.083591
FRB20220501B 16.915664 3.932160 1141.728234 1066.857024 1060.046939
FRB20220501A 1.725796 1.966080 315.058144 275.950555 283.081997
FRB20220502C 1.770569 1.966080 305.595208 253.756494 258.111646
FRB20220502B 6.294904 1.966080 623.628756 592.246291 601.987945
FRB20220502A 1.108343 1.966080 656.437222 620.353074 625.271321
FRB20220503E 2.504938 23.592962 1934.835863 1912.090324 1914.696002
FRB20220503D 1.043803 7.864321 1498.520666 1466.030370 1473.194605
FRB20220503C 2.310875 1.966080 461.541704 337.493051 357.843473
FRB20220503B 4.316052 1.966080 348.389532 283.383322 292.395819
FRB20220503A 0.795043 1.966080 698.649564 526.751675 466.692048
FRB20220505C 0.764421 1.966080 689.316557 649.375455 659.932044
FRB20220505B 3.867979 10.813441 1278.329052 1194.072671 1210.826452
FRB20220506C 4.438377 1.966080 565.020129 530.885642 541.138468
FRB20220506B 4.250248 13.762561 1077.763800 1055.515064 1065.801179
FRB20220506A 11.801696 15.728641 397.082169 311.895041 297.967645
FRB20220508A 13.065006 42.270720 1686.648416 1452.823865 1287.521635
FRB20220509F 6.841596 1.966080 310.384850 205.422440 171.041024
FRB20220509F 6.841596 1.966080 310.384850 205.422440 171.041024
FRB20220509E 0.918788 1.966080 563.087609 523.890311 536.282442
FRB20220509D 1.890915 1.966080 788.591950 750.598007 760.423995
FRB20220509B 5.758269 10.813440 866.338271 723.448153 739.613300
FRB20220509A 10.892402 2.949120 1242.144990 1117.782532 1105.876026
FRB20220510A 1.447230 1.966080 935.079866 896.725588 903.553740
FRB20220511B 2.880741 3.932160 843.948376 780.152753 790.782003
FRB20220511A 12.243789 10.813440 209.617391 85.951494 70.574537
FRB20220513A 0.682487 3.932160 1087.473586 1063.112183 1064.417344
FRB20220514B 6.121492 1.966080 799.887941 748.638868 753.651248
FRB20220514A 4.837277 4.915200 1514.882538 1448.056585 1442.177596
FRB20220516A 1.714558 1.966080 726.029554 640.522502 621.937971
FRB20220517B 7.602432 13.762560 501.238932 463.690346 472.399552
FRB20220517C 6.105839 3.932160 1333.917118 1266.790590 1281.424883
FRB20220517E 3.139171 2.949120 417.470749 377.501554 386.431707
FRB20220518C 2.563869 4.915200 1120.818462 1076.028595 1085.273099
FRB20220518D 2.956661 3.932160 1188.157192 1127.226734 1130.802689
FRB20220518E 3.993556 2.949120 377.025501 291.932943 281.422820
FRB20220520A 7.282799 4.915200 491.557154 426.659139 423.696412
FRB20220521A 3.090193 1.966080 222.856081 189.718793 199.658476
FRB20220521B 16.653567 23.592960 1297.798731 1256.855626 1263.409109
FRB20220526A 9.042757 16.711680 1201.748120 1150.046390 1149.651185
FRB20220527A 3.458310 6.881280 1215.395076 1183.564326 1197.789965
FRB20220527B 1.101356 2.949120 390.885479 356.857973 365.073909
FRB20220527C 4.890366 2.949120 713.655355 561.062962 476.262238
FRB20220527D 2.501874 0.983040 908.025642 790.658431 771.452716
FRB20220528A 0.788266 1.966080 802.404071 771.581894 789.016750
FRB20220528B 2.735202 1.966080 518.073523 495.290401 495.168620
FRB20220528D 2.600205 1.966080 319.631353 148.988870 111.630465
FRB20220529C 2.299927 1.966080 392.411033 247.300111 284.829188
FRB20220530A 2.568528 6.881280 379.514983 359.006717 367.690388
FRB20220601A 1.800278 1.966080 721.732157 665.654271 676.398740
FRB20220602A 28.368771 2.949120 666.400047 622.349613 631.617364
FRB20220602B 3.820566 1.966080 335.800297 302.000663 312.676303
FRB20220602C 40.662220 5.898240 637.127994 590.554577 596.081641
FRB20220607A 2.080324 1.966080 692.917957 638.994432 645.339341
FRB20220607B 10.890434 23.592960 354.250164 191.124645 143.522287
FRB20220607C 4.823333 10.813440 702.572008 647.322847 649.828798
FRB20220608B 3.047685 23.592960 521.606076 473.382004 481.198388
FRB20220609A 0.581674 2.949120 1107.266277 1074.484331 1082.055121
FRB20220611A 3.121203 3.932160 1243.137431 1159.590424 1145.889765
FRB20220612A 4.048313 3.932160 557.033928 504.817336 512.356654
FRB20220612A 4.048313 3.932160 557.033928 504.817336 512.356654
FRB20220612B 3.617426 7.864320 602.680606 489.898238 475.365881
FRB20220612C 10.917428 11.796480 376.814212 257.558245 210.755567
FRB20220614A 2.373182 3.932160 273.825780 237.813962 250.578665
FRB20220614A 2.373182 3.932160 273.825780 237.813962 250.578665
FRB20220614A 2.373182 3.932160 273.825780 237.813962 250.578665
FRB20220614B 4.038538 1.966080 548.000145 517.528122 525.638473
FRB20220615D 1.462833 1.966080 471.379394 374.981507 346.995397
FRB20220615E 2.521301 1.966080 381.507507 310.338877 302.198426
FRB20220615F 7.863741 8.847360 2837.082626 2784.690455 2788.685914
FRB20220618A 62.913946 6.881280 394.451279 355.067621 362.779498
FRB20220619C 2.192773 1.966080 598.569847 507.023292 499.101650
FRB20220621A 8.663316 10.813440 642.780332 524.794734 547.741113
FRB20220621B 1.305968 1.966080 430.983939 347.352301 329.489751
FRB20220621C 99.965798 12.779521 569.661723 436.450767 419.256682
FRB20220621D 8.525228 28.508162 701.004840 645.806268 648.339564
FRB20220621D 8.525228 28.508162 701.004840 645.806268 648.339564
FRB20220622A 2.608300 1.966080 1094.475364 883.444312 849.589617
FRB20220622B 12.674967 1.966080 1613.109469 1504.616524 1472.414598
FRB20220623D 6.903374 22.609919 842.563188 799.332350 805.275773
FRB20220623B 3.245741 16.711679 1328.039629 1285.785944 1293.840952
FRB20220623C 3.016401 2.949120 1047.618310 871.597660 781.213001
FRB20220624A 2.207999 4.915200 1537.499192 1498.579872 1507.616868
FRB20220625B 7.556373 24.575999 708.979156 667.759458 674.298668
FRB20220626A 13.256170 20.643842 851.390994 463.799628 611.049555
FRB20220626A 13.256170 20.643842 851.390994 463.799628 611.049555
FRB20220627D 1.648808 2.949120 381.803675 348.204264 357.476591
FRB20220627D 1.648808 2.949120 381.803675 348.204264 357.476591
FRB20220627E 3.132426 1.966080 436.670375 412.654743 416.598289
FRB20220627F 5.311646 1.966080 660.242830 594.523118 602.173426
FRB20220627H 8.726568 1.966080 538.316736 501.090598 510.039117
FRB20220627J 2.528521 6.881279 826.168776 722.666932 690.918416
FRB20220628A 1.526338 1.966080 535.594474 489.436931 497.371902
FRB20220628B 1.533930 1.966080 401.122662 316.153272 315.894985
FRB20220629A 0.946918 1.966080 571.561576 511.924533 513.143137
FRB20220630A 4.294286 5.898240 553.097837 516.406524 524.490372
FRB20220703A 12.532580 24.576002 514.988293 487.490413 502.745673
FRB20220703B 1.356000 1.966080 189.013019 154.580227 163.989156
FRB20220703C 1.248938 1.966080 320.869292 279.684790 287.464470
FRB20220703D 3.936656 3.932160 535.942659 458.741155 445.896774
FRB20220704A 3.898802 3.932160 456.705833 431.346100 432.216344
FRB20220704B 2.661942 1.966080 265.799564 208.802755 213.924138
FRB20220706C 2.809076 4.915200 501.683230 409.725895 420.116808
FRB20220706D 1.674127 1.966080 2003.205378 1964.816375 1977.838982
FRB20220707B 1.835636 1.966080 718.391408 585.701524 521.473197
FRB20220707C 1.330145 1.966080 393.610398 332.307968 329.420377
FRB20220707D 14.630862 11.796480 551.787361 514.089491 523.783173
FRB20220708B 2.776108 1.966080 599.919611 486.494149 442.178793
FRB20220709A 4.355710 1.966080 282.378339 116.081258 35.745335
FRB20220710A 3.917748 1.966080 256.203452 214.565248 215.143432
FRB20220710B 3.271711 1.966080 190.646301 141.897602 135.333859
FRB20220711A 0.760169 3.932160 388.602755 338.779006 343.833626
FRB20220712A 0.957402 1.966080 620.280952 508.894050 467.152237
FRB20220712B 0.877968 1.966080 550.268411 468.937538 453.646207
FRB20220714A 2.788645 1.966080 934.338365 801.278938 816.624344
FRB20220714B 1.189746 6.881280 563.702327 476.129882 477.877942
FRB20220714D 3.064439 0.983040 204.647200 101.220094 68.819075
FRB20220715A 0.129115 21.626879 380.341702 324.160908 326.375029
FRB20220715B 4.654774 0.983040 279.576754 159.244334 143.447994
FRB20220715C 3.683691 1.966080 1225.464358 1127.116497 1098.678366
FRB20220716B 2.315586 1.966080 429.094141 260.534937 195.628861
FRB20220716C 1.011441 1.966080 606.687492 511.722471 530.863948
FRB20220716D 2.198507 1.966080 305.590765 249.128189 257.277775
FRB20220716E 3.992030 1.966080 440.178050 221.733377 178.032323
FRB20220717B 7.306674 21.626882 617.701686 578.432574 586.090055
FRB20220717C 1.481121 0.983040 330.279207 310.195017 310.564925
FRB20220717F 4.325701 8.847359 602.594720 580.403089 581.809603
FRB20220717D 23.730594 1.966080 267.540897 187.538566 173.007495
FRB20220717E 5.416741 4.915200 346.167327 285.269204 284.844314
FRB20220718B 58.389984 37.355523 917.956211 882.506609 892.718922
FRB20220719A 4.637356 1.966080 382.686470 343.575837 350.248258
FRB20220719C 2.788162 1.966080 552.112689 513.353935 520.144144
FRB20220719D 15.309793 19.660797 579.484363 344.224798 357.122620
FRB20220719E 14.670013 4.915200 462.201520 356.773491 323.185016
FRB20220719F 1.180949 3.932159 525.312630 339.518063 246.464844
FRB20220720B 7.169686 66.846710 568.628834 511.411742 516.149061
FRB20220722B 6.548240 2.949120 747.458368 672.975808 661.875563
FRB20220722C 5.325527 1.966080 651.007313 572.101052 555.069208
FRB20220723A 77.239178 26.542076 274.770914 219.178569 221.139269
FRB20220723B 1.973930 5.898240 1089.573343 1043.345568 1049.926528
FRB20220724A 1.927116 4.915199 2534.929076 2503.158494 2511.230652
FRB20220724B 5.606023 18.677762 492.748963 453.929653 460.526255
FRB20220724C 2.053660 1.966080 1701.238410 1667.160615 1671.385640
FRB20220724D 2.465649 3.932160 589.334198 535.763570 539.703905
FRB20220726B 3.935179 6.881281 686.937818 596.556110 574.053213
FRB20220726C 14.582121 6.881281 321.965664 248.128447 229.191613
FRB20220803A 2.109488 1.966080 438.127595 396.498698 403.615550
FRB20220803B 2.367707 1.966080 1054.807414 1005.873390 1010.884150
FRB20220805A 1.488365 1.966080 1338.186280 1285.040100 1288.840478
FRB20220806A 8.143567 6.881280 357.839404 273.701877 251.458402
FRB20220806A 8.143567 6.881280 357.839404 273.701877 251.458402
FRB20220807A 1.838114 8.847360 2453.349934 2375.187232 2387.597598
FRB20220807C 1.957740 1.966080 384.393133 323.091714 322.200096
FRB20220809A 2.103963 1.966080 792.396938 670.687599 685.635673
FRB20220809B 3.119771 38.338560 1077.626282 911.361457 904.122975
FRB20220809C 1.083024 1.966080 478.573252 434.881154 443.678446
FRB20220811A 3.288580 11.796480 798.350847 707.629081 716.864981
FRB20220811A 3.288580 11.796480 798.350847 707.629081 716.864981
FRB20220811B 9.134198 9.830400 760.981961 695.535114 669.735544
FRB20220813B 1.283103 3.932160 982.437916 932.137410 937.495186
FRB20220815A 2.975965 6.881280 1190.524034 1160.777660 1168.375871
FRB20220816A 6.729804 25.559041 2255.601410 2211.000369 2217.443322
FRB20220817A 2.903858 1.966080 1026.816478 840.183379 733.958466
FRB20220819A 2.337930 5.898240 1900.270280 1845.530944 1847.440024
FRB20220819B 1.626642 11.796480 1344.337077 1292.405506 1296.440976
FRB20220820A 2.418617 1.966080 368.612682 285.491038 269.620118
FRB20220820B 1.083014 1.966080 422.082625 370.034261 377.699536
FRB20220822C 2.750697 5.898240 932.860132 781.415773 751.660228
FRB20220831B 6.556442 3.932160 600.494958 546.369838 548.600896
FRB20220901B 11.570686 2.949120 280.502209 157.442953 103.463586
FRB20220901C 1.717178 1.966080 511.544856 445.888518 442.470447
FRB20220902A 1.973893 33.423359 498.265561 445.083582 449.013046
FRB20220902B 1.829445 1.966080 440.263041 352.499314 331.718928
FRB20220902C 3.636058 8.847360 405.549401 351.247618 337.026047
FRB20220902D 4.171495 1.966080 302.383345 251.627054 256.739441
FRB20220903A 9.917336 4.915200 539.150233 417.506896 338.717325
FRB20220903B 1.191567 3.932160 603.985880 556.111334 560.627697
FRB20220905B 13.822399 17.694721 465.791907 392.501725 402.986189
FRB20220905C 2.118063 1.966080 1646.592370 1594.545876 1598.541419
FRB20220906A 6.232887 1.966080 863.707159 827.444488 835.780123
FRB20220906B 5.494483 6.881279 357.628673 301.851807 284.634314
FRB20220906E 3.308288 15.728641 650.510502 615.792208 628.824435
FRB20220906C 2.583910 1.966080 142.593795 116.189496 123.292872
FRB20220906D 2.191767 1.966080 526.856658 497.882827 505.299584
FRB20220907A 6.955732 9.830401 1240.537860 1094.889246 1083.461535
FRB20220907A 6.955732 9.830401 1240.537860 1094.889246 1083.461535
FRB20220907A 6.955732 9.830401 1240.537860 1094.889246 1083.461535
FRB20220907C 4.103475 25.559036 502.240038 478.128724 481.926125
FRB20220907B 3.802310 1.966080 301.863025 277.221348 277.856353
FRB20220907D 3.378818 6.881281 302.880014 279.299691 279.179098
FRB20220908C 3.589023 1.966080 313.757548 255.989278 267.267676
FRB20220908D 5.791046 1.966080 536.500968 479.957942 481.991897
FRB20220910A 9.889042 8.847359 409.584032 366.088165 376.491216
FRB20220910A 9.889042 8.847359 409.584032 366.088165 376.491216
FRB20220910A 9.889042 8.847359 409.584032 366.088165 376.491216
FRB20220910B 1.801906 10.813441 988.030983 951.322023 958.271180
FRB20220911A 1.572236 1.966080 332.860691 278.838810 282.126479
FRB20220912C 2.825602 1.966080 675.865629 642.771065 651.403773
FRB20220913A 1.836840 2.949120 1402.355473 1336.930646 1335.175009
FRB20220913B 6.146582 1.966080 450.426157 417.104832 425.610882
FRB20220913C 22.047493 1.966080 742.729411 719.427419 722.575645
FRB20220914B 2.990738 5.898240 764.019955 704.157267 704.268835
FRB20220915C 2.415481 1.966080 623.629415 436.051566 326.048353
FRB20220915D 29.404192 15.728641 968.529636 941.092737 956.294478
FRB20220916A 3.735325 1.966080 493.193211 448.265806 454.278737
FRB20221012E 2.856542 3.932160 1118.167285 1020.441883 1003.586264
FRB20221013D 1.480770 1.966080 352.560699 223.800693 213.316559
FRB20221013E 20.129645 23.592962 367.455737 309.328714 310.513724
FRB20221013F 2.470712 5.898240 588.309223 509.697353 487.246314
FRB20221013G 2.302332 1.966080 593.815110 557.812707 570.202563
FRB20221013I 1.994182 1.966080 350.383860 305.767391 314.590071
FRB20221014B 38.637344 1.966080 257.393522 187.350724 181.612525
FRB20221014E 1.102522 1.966080 852.121067 763.962892 767.415178
FRB20221014F 11.213221 4.915199 674.160434 606.509007 600.532372
FRB20221015A 2.344044 7.864321 554.001214 496.891187 498.851194
FRB20221015C 1.808509 3.932159 1223.799673 1188.771055 1197.260105
FRB20221015D 14.312628 2.949120 750.185958 727.222171 727.057474
FRB20221017A 4.839222 3.932160 616.322618 428.485371 304.850828
FRB20221018D 2.615642 1.966080 308.154948 269.010907 277.526825
FRB20221019A 5.853473 17.694720 2029.932082 1968.634500 1967.902682
FRB20221019B 2.899096 3.932160 1384.178919 1327.140199 1329.094037
FRB20221020B 1.434385 6.881280 459.545996 418.442849 427.628611
FRB20221020C 4.041729 3.932160 317.553826 297.616017 297.420842
FRB20221021C 2.807356 1.966080 721.543250 643.749103 615.527635
FRB20221021D 0.648072 1.966080 554.977340 533.091912 535.188146
FRB20221021E 0.545935 1.966080 763.448766 725.332498 732.165649
FRB20221021F 3.658933 5.898240 1398.505366 1361.752781 1369.501411
FRB20221022B 8.583710 5.898240 459.311876 392.137331 388.863048
FRB20221022E 1.087535 1.966080 532.602820 483.145399 491.791735
FRB20221022F 33.288886 31.457281 930.285436 821.622926 807.523528
FRB20221022A 22.811430 1.966080 116.843969 56.640194 56.782045
FRB20221022G 0.443494 1.966080 538.061074 458.727320 439.857433
FRB20221022H 5.023753 31.457279 618.021406 576.042224 584.995110
FRB20221022I 7.043456 41.287681 310.053938 288.012332 288.114948
FRB20221023A 2.606486 2.949120 638.835093 562.103179 559.971339
FRB20221024C 2.646086 11.796480 586.612079 540.355025 546.627850
FRB20221024A 1.771874 1.966080 1034.416990 984.053461 988.658884
FRB20221025G 1.396387 1.966080 1239.941656 1095.985803 1082.595195
FRB20221025I 17.933869 3.932160 453.244007 377.336216 363.668367
FRB20221027B 3.361792 3.932160 950.146241 904.586747 910.448929
FRB20221027C 4.741471 2.949120 156.141886 106.373676 113.049916
FRB20221029B 3.632826 11.796480 1135.549423 1115.030729 1123.705655
FRB20221029C 4.965521 2.949120 706.592011 686.578044 687.487924
FRB20221031A 10.415217 3.932160 212.898378 95.303735 58.298686
FRB20221101F 1.664681 1.966080 285.691950 262.526278 265.486566
FRB20221102E 0.939859 3.932160 838.192109 772.542983 764.842436
FRB20221103A 8.942411 48.168961 852.264364 775.192684 764.819438
FRB20221103E 1.623044 1.966080 684.441297 547.314687 492.850764
FRB20221104E 9.661030 19.660800 1689.772707 1590.234886 1559.678426
FRB20221104F 9.010515 19.660799 1409.079512 1304.208336 1268.950841
FRB20221105A 21.501775 10.813440 527.898092 146.938330 253.162038
FRB20221106I 2.898510 1.966080 617.209235 585.475895 593.369577
FRB20221106J 15.634258 1.966080 415.422676 380.492905 387.681472
FRB20221107A 3.331198 4.915200 2365.636636 1970.754171 2039.214673
FRB20221107B 1.617750 1.966080 480.117162 360.850490 331.999627
FRB20221107C 4.531249 16.711681 1050.987104 992.889769 994.453916
FRB20221107D 5.305497 8.847361 465.486902 324.277253 349.382972
FRB20221107J 3.103224 3.932160 407.893870 235.289677 157.147543
FRB20221107K 3.350416 1.966080 568.946610 539.472529 541.707040
FRB20221108A 2.488346 2.949120 402.916892 316.063590 296.527449
FRB20221108A 2.488346 2.949120 402.916892 316.063590 296.527449
FRB20221108D 3.953596 2.949120 338.055895 288.373862 294.036006
FRB20221109A 2.975528 8.847360 1579.826096 1386.731483 1396.090736
FRB20221109E 54.286176 5.898240 236.497199 77.842835 0.662033
FRB20221109E 54.286176 5.898240 236.497199 77.842835 0.662033
FRB20221109E 54.286176 5.898240 236.497199 77.842835 0.662033
FRB20221109D 3.653833 31.457279 2170.660164 2123.195209 2129.471843
FRB20221110C 1.262653 1.966080 126.743111 61.924055 59.068594
FRB20221110A 3.633705 2.949120 727.881635 689.499751 696.368045
FRB20221110B 4.124630 2.949120 1103.746400 1062.173506 1068.482745
FRB20221111C 1.325451 1.966080 348.108361 308.121078 316.736216
FRB20221112G 7.788223 4.915200 501.717545 453.897194 459.069559
FRB20221112G 7.788223 4.915200 501.717545 453.897194 459.069559
FRB20221112H 8.018426 4.915200 1036.526916 1006.306467 1014.153424
FRB20221113F 4.635024 15.728638 766.239965 592.608796 502.565864
FRB20221113G 7.867729 5.898239 348.391167 296.559092 300.877118
FRB20221113H 1.903602 4.915200 199.100364 173.448501 187.089146
FRB20221113I 1.535375 8.847359 508.722045 437.518137 439.663771
FRB20221114D 7.360087 12.779521 140.361045 61.768625 47.593540
FRB20221114E 2.886601 1.966080 810.882107 767.956523 778.859209
FRB20221116B 8.811825 5.898240 651.875751 610.902377 619.577892
FRB20221116G 2.608151 2.949120 583.020564 514.166108 514.263163
FRB20221116H 6.308174 3.932160 827.875945 782.428534 789.174413
FRB20221117A 2.360208 1.966080 1315.865032 1254.596065 1254.986528
FRB20221117C 19.409122 6.881280 596.374365 477.437737 498.859834
FRB20221118C 6.687319 2.949120 886.709120 792.284153 771.938157
FRB20221118D 26.607782 2.949120 757.599756 636.656893 592.213276
FRB20221129E 5.399033 26.542082 2293.123518 2098.226121 1987.482158
FRB20221130C 2.925132 1.966080 723.340379 700.364410 700.094558
FRB20221201E 1.090940 1.966080 462.120195 405.082452 411.390694
FRB20221201F 4.200324 5.898239 949.692907 895.919755 898.821778
FRB20221201G 1.302791 6.881281 158.192143 132.677516 133.416482
FRB20221201A 33.928951 5.898239 332.906631 183.872456 199.144292
FRB20221202D 1.508116 1.966080 957.868751 912.761284 920.468166
FRB20221202E 2.920040 14.745598 753.654064 710.575474 717.366329
FRB20221202F 3.394305 7.864321 718.230547 694.458442 697.423138
FRB20221203N 3.632480 1.966080 1271.694170 1143.551075 1134.895482
FRB20221203O 1.748522 1.966080 679.496984 627.219715 631.266847
FRB20221204G 7.913749 8.847361 1217.572897 1150.915601 1166.044207
FRB20221206G 1.388879 3.932160 1026.669999 990.409957 1003.610663
FRB20221206H 6.110745 1.966080 366.357002 343.992242 343.581103
FRB20221206I 20.082013 5.898240 707.063295 633.590507 631.127910
FRB20221206I 20.082013 5.898240 707.063295 633.590507 631.127910
FRB20221207A 3.645584 4.915199 459.969147 364.558252 343.533736
FRB20221208D 2.838978 0.983040 260.936372 207.131206 210.514540
FRB20221208E 5.839465 1.966080 302.749357 252.485694 257.519256
FRB20221209B 2.367291 1.966080 398.445703 357.050738 364.196336
FRB20221209C 2.799461 1.966080 161.678679 131.076030 139.148600
FRB20221209D 24.813314 32.440323 272.405781 212.689825 218.229078
FRB20221209A 17.367252 3.932160 792.516966 701.128194 691.763501
FRB20221210A 1.082481 7.864319 1012.845752 919.416957 929.350855
FRB20221210D 4.278204 0.983040 319.804345 252.497632 248.199947
FRB20221210F 2.258893 3.932159 251.254430 215.936406 224.374386
FRB20221210H 2.136937 3.932160 1078.897272 1037.911581 1049.832980
FRB20221210I 4.033373 0.983040 266.521653 229.340679 239.441743
FRB20221210I 4.033373 0.983040 266.521653 229.340679 239.441743
FRB20221210J 1.633801 1.966080 656.536395 636.244370 644.229776
FRB20221211D 3.451426 1.966080 350.769025 298.914492 303.029169
FRB20221211E 14.738419 3.932159 1178.470619 1152.531021 1153.340654
FRB20221213A 7.257349 1.966080 328.641326 248.803894 261.202168
FRB20221213G 3.577502 2.949120 352.502185 223.221275 213.694098
FRB20221213I 6.508611 4.915200 469.660622 389.170133 401.194412
FRB20221215F 3.890165 1.966080 231.974048 182.604647 191.066155
FRB20221215H 44.452191 2.949120 271.665948 239.826148 247.875193
FRB20221215H 44.452191 2.949120 271.665948 239.826148 247.875193
FRB20221215J 14.133625 4.915200 749.929647 698.564921 708.309286
FRB20221216C 3.735435 1.966080 469.047201 418.976463 427.462368
FRB20221216E 1.370120 1.966080 470.424425 425.530145 434.750005
FRB20221216F 1.480900 1.966080 553.925148 526.841867 529.363659
FRB20221217D 1.391767 1.966080 597.279463 557.941357 564.612417
FRB20221218C 1.893734 1.966080 372.080253 278.173962 248.287959
FRB20221219F 3.193914 4.915200 911.304920 748.483331 656.838547
FRB20221220E 2.570376 1.966080 448.320182 411.636659 419.477342
FRB20221220F 1.085575 1.966080 501.839932 456.073271 462.435512
FRB20221221D 1.688041 1.966080 495.052808 460.967806 469.894984
FRB20221222F 0.983595 1.966080 909.658320 865.122902 873.854123
FRB20221222G 4.797947 38.338560 830.997787 781.806198 787.798940
FRB20221222H 14.959903 11.796480 1017.651180 983.293846 994.752895
FRB20221223F 5.000007 41.287680 1336.679213 1189.198818 1152.256762
FRB20221226G 9.148848 3.932160 571.159382 551.179841 551.855995
FRB20221227C 7.767082 1.966080 638.958639 597.511240 607.862228
FRB20221228A 18.336393 2.949120 494.103669 457.297596 464.131287
FRB20221230B 5.953777 1.966080 179.947774 148.185981 157.261276
FRB20221230C 3.769125 3.932160 597.974806 442.526743 368.860739
FRB20221231E 3.106497 1.966080 994.322064 888.449164 854.491205
FRB20230101B 8.020240 0.983040 523.470336 478.418868 484.636245
FRB20230101C 3.534810 3.932160 550.408883 439.426953 402.374199
FRB20230102D 4.937340 1.966080 982.977032 791.143580 657.858500
FRB20230103A 3.395512 9.830401 1321.088621 1256.159320 1249.153509
FRB20230103B 3.529008 7.864321 490.012497 435.643533 438.446171
FRB20230106B 0.361077 1.966080 595.680030 529.705455 512.292201
FRB20230107D 14.845580 29.491195 221.105992 104.047543 98.266043
FRB20230110A 41.761757 4.915199 535.652602 379.888474 348.502494
FRB20230112A 7.602566 8.847361 237.920811 195.766020 203.911105
FRB20230114A 5.990793 1.966080 626.136343 579.892754 587.299473
FRB20230116B 14.686400 3.932161 1370.470021 1345.438321 1347.694634
FRB20230117A 8.976442 3.932159 281.847039 238.867161 246.254142
FRB20230118A 11.649456 5.898239 1136.832088 1098.352803 1111.390606
FRB20230119A 27.141662 10.813443 515.171559 388.398073 337.837022
FRB20230119B 9.521433 1.966080 424.895519 364.767285 364.609452
FRB20230120A 3.127407 0.983040 508.748638 470.734342 483.412763
FRB20230120B 3.317391 1.966080 1162.453470 1126.679586 1139.512190
FRB20230122B 4.361178 2.949120 1401.073257 1258.449654 1243.889061
FRB20230122C 5.444975 6.881282 496.413400 431.811343 430.078098
FRB20230123A 13.968846 4.915199 546.254130 505.816748 516.574818
FRB20230125B 3.147956 1.966080 103.325746 76.062803 77.863143
FRB20230125C 5.425641 6.881279 363.023687 322.898888 328.287867
FRB20230126A 19.851851 19.660797 852.850942 832.851360 833.718777
FRB20230126A 19.851851 19.660797 852.850942 832.851360 833.718777
FRB20230126B 1.431662 1.966080 683.402017 641.957671 648.645127
FRB20230127A 13.459671 6.881282 391.630630 351.106451 362.227566
FRB20230131A 1.064401 1.966080 136.795366 104.183564 111.795945
FRB20230202A 4.127257 4.915202 912.736149 773.741308 782.423178
FRB20230202A 4.127257 4.915202 912.736149 773.741308 782.423178
FRB20230203A 39.591354 46.202873 420.419522 382.544466 395.702417
FRB20230204A 1.713699 1.966080 133.434783 38.651493 12.376323
FRB20230204B 2.582747 1.966081 790.658998 741.341434 746.488519
FRB20230204C 18.644703 11.796478 386.288186 214.814083 168.927045
FRB20230204D 2.954148 1.966080 524.939271 500.059536 504.431018
FRB20230205A 36.593707 11.796478 683.931633 643.628534 652.444011
FRB20230205A 36.593707 11.796478 683.931633 643.628534 652.444011
FRB20230205A 36.593707 11.796478 683.931633 643.628534 652.444011
FRB20230207A 1.757218 1.966080 492.602000 462.023932 464.043678
FRB20230209A 4.987126 2.949122 722.269918 669.790184 673.911224
FRB20230209B 5.869750 1.966080 767.333343 713.775349 716.027427
FRB20230209C 10.278358 11.796478 529.685813 501.576675 503.052780
FRB20230210A 8.464878 3.932159 563.191340 433.887510 384.450365
FRB20230210B 3.013389 4.915199 617.981197 562.560322 564.944546
FRB20230210C 8.024576 41.287674 1234.245501 1209.724509 1214.477767
FRB20230210D 4.344847 14.745598 1218.871814 1198.939697 1198.877063
FRB20230210E 1.312131 1.966080 503.940086 460.032599 466.192476
FRB20230215A 2.710851 7.864320 783.222967 739.816919 749.745792
FRB20230216B 0.829893 2.949120 604.192411 573.592683 581.521266
FRB20230216C 0.882758 14.745600 950.719398 827.971001 852.974303
FRB20230216D 1.413551 1.966080 945.062952 883.380871 894.823916
FRB20230218C 6.945851 13.762560 787.288780 729.728651 731.507294
FRB20230222A 92.560608 42.270720 705.912706 572.362018 518.947057
FRB20230222B 8.796835 1.966080 187.794233 160.916023 161.960298
FRB20230223A 6.796694 8.847360 751.026188 704.575740 710.189271
FRB20230223B 3.311399 4.915200 219.263700 125.517104 91.080745
FRB20230223D 3.501101 8.847360 733.270931 697.050244 704.783325
FRB20230223E 2.159543 1.966080 539.807027 509.182260 517.024698
FRB20230223F 3.514566 6.881280 691.149451 664.719144 667.012062
FRB20230224A 0.688344 3.932160 730.897220 687.276879 694.568799
FRB20230224B 35.857052 2.949120 338.353044 302.463384 310.422972
FRB20230224C 0.865874 2.949120 1254.190053 1103.130265 1088.070905
FRB20230225A 1.893830 1.966080 344.039725 313.018163 320.917279
FRB20230225B 3.381274 1.966080 744.078197 690.825387 699.158495
FRB20230226A 0.854396 1.966080 479.884370 287.037266 210.203936
FRB20230226C 4.054776 8.847360 516.191538 460.755993 463.851230
FRB20230227B 3.068662 2.949120 799.322970 747.075054 751.144626
FRB20230227A 3.452468 3.932160 465.071340 425.609723 434.102482
FRB20230228A 1.783539 2.949120 276.562611 229.711945 235.193053
FRB20230301A 1.554456 1.966080 759.158940 722.695638 728.017588
FRB20230301B 11.250632 11.796480 1350.609251 1311.531308 1319.995978
FRB20230303B 1.971739 1.966080 228.296754 107.392655 61.467601
FRB20230303A 5.838333 20.643840 810.307290 768.254491 777.085754
FRB20230304A 2.154920 2.949120 1083.112806 1049.620345 1061.200384
FRB20230305A 2.099836 13.762560 772.943550 752.232595 753.123663
FRB20230305B 1.009233 4.915200 473.532134 448.901681 451.294603
FRB20230305C 3.482574 4.915200 486.304488 398.972459 413.283609
FRB20230306A 5.133979 11.796480 664.603314 538.237454 491.274715
FRB20230306B 1.385458 1.966080 527.295786 471.725422 470.041355
FRB20230306C 1.818374 2.949120 604.138306 558.284088 566.535040
FRB20230306E 2.779535 1.966080 246.805858 211.971267 220.190910
FRB20230307C 8.058963 4.915200 610.294387 573.323487 581.178326
FRB20230307D 1.005564 1.966080 214.953306 182.561237 190.347638
FRB20230307E 3.581489 13.762560 1735.809226 1694.250757 1701.527226
FRB20230307F 2.439209 7.864320 1134.995321 1036.792554 1028.134559
FRB20230308B 3.552234 1.966080 827.966177 780.789236 788.635957
FRB20230308C 5.474455 1.966080 509.983307 318.332274 361.425771
FRB20230308E 5.652359 5.898240 867.586663 828.220957 835.333665
FRB20230309A 9.965021 4.915200 479.815658 425.102788 426.728570
FRB20230309B 8.560958 9.830401 764.187472 731.774539 741.250927
FRB20230309D 1.980949 1.966080 866.947300 801.161293 806.900000
FRB20230309E 4.660059 2.949120 1214.000393 1111.555876 1077.742729
FRB20230310A 38.531854 26.542082 471.582239 292.118858 316.536839
FRB20230311A 8.684344 1.966080 364.995009 272.189269 248.539820
FRB20230313E 4.032628 3.932159 1570.040768 1504.959584 1495.091347
FRB20230313A 2.589913 1.966080 283.042666 242.612831 255.023363
FRB20230313B 2.655571 57.016311 471.327426 435.985869 444.092653
FRB20230313C 8.900512 12.779521 932.949644 853.200039 866.529152
FRB20230314B 2.737459 4.915200 789.423486 765.545018 766.495206
FRB20230314A 49.085082 1.966080 429.334210 354.194011 368.423253
FRB20230315A 4.155949 14.745601 858.385909 787.133138 777.290331
FRB20230316A 2.883558 1.966080 332.605086 276.197675 278.557172
FRB20230316B 6.493882 16.711677 1287.745402 831.832152 850.618895
FRB20230317A 25.920738 17.694717 696.712894 658.756871 666.689598
FRB20230317B 9.838236 10.813438 2075.053725 2024.336647 2029.046619
FRB20230317E 1.242222 10.813438 1257.190181 1154.917341 1143.049540
FRB20230318B 3.760283 1.966080 376.425570 313.501292 313.644019
FRB20230319A 2.834343 3.932160 361.328757 319.421112 327.337462
FRB20230320B 1.576104 1.966080 333.850485 236.136681 198.914393
FRB20230320A 6.027173 4.915199 219.818060 122.889156 110.937356
FRB20230321A 10.147176 10.813441 476.588539 233.946274 227.822614
FRB20230322A 3.642574 6.881281 1405.172116 1384.579275 1385.390247
FRB20230322B 7.896569 2.949120 664.777072 636.790599 643.493372
FRB20230322C 5.626137 8.847361 1294.938012 1162.435462 1129.715481
FRB20230322D 4.821526 18.677762 432.093815 380.897866 389.079539
FRB20230323A 12.617806 9.830398 550.652048 476.498779 466.079599
FRB20230323B 1.576469 1.966080 481.149873 434.721587 445.521284
FRB20230323C 1.512993 4.915199 896.942188 875.224807 875.896500
FRB20230324A 0.951484 3.932159 267.156952 229.586160 241.962188
FRB20230324B 6.559262 33.423363 500.245184 447.274312 451.246137
FRB20230324C 1.812124 3.932160 1864.950056 1798.890709 1795.139862
FRB20230327D 2.763959 1.966081 510.342287 482.663485 484.110852
FRB20230327A 5.869083 50.135032 1287.825992 1262.076137 1262.875215
FRB20230328E 4.642233 15.728638 702.985394 678.343973 683.378140
FRB20230328A 4.043878 6.881282 935.539563 905.514270 913.534170
FRB20230328C 5.713680 4.915199 1294.497487 1063.771643 1013.089076
FRB20230328D 4.039043 3.932159 412.785185 219.730446 135.964740
FRB20230329A 0.897968 4.915199 418.648204 381.694294 392.886998
FRB20230329B 2.348291 24.576008 1351.372940 1330.409041 1331.484851
FRB20230329F 4.679431 2.949120 320.088198 214.474772 177.772771
FRB20230330B 1.847683 3.932159 804.507448 757.308062 764.817984
FRB20230331A 2.459749 1.966080 1047.759682 820.807090 889.313511
FRB20230331B 1.490382 2.949121 481.219568 328.131000 244.047934
FRB20230401B 1.716803 1.966080 844.241593 796.297884 803.224572
FRB20230402D 1.509445 1.966081 350.468037 324.880942 329.908743
FRB20230402E 2.255096 3.932159 607.848132 557.149880 561.756214
FRB20230402B 11.751977 6.881279 630.218010 589.729350 594.649187
FRB20230402B 11.751977 6.881279 630.218010 589.729350 594.649187
FRB20230405A 3.825058 3.932159 642.854950 525.631600 484.402171
FRB20230405B 1.291849 1.966080 268.298775 243.092762 252.091794
FRB20230405C 2.600311 26.542076 1416.371723 1392.906662 1394.824430
FRB20230405D 1.053837 1.966080 1033.131223 990.245472 996.260272
FRB20230405E 0.885739 1.966080 745.019068 676.722865 679.249845
FRB20230406A 3.443539 1.966080 171.699445 121.717322 126.946848
FRB20230406C 1.386511 1.966080 370.220360 339.400433 349.399061
FRB20230407B 2.564656 3.932161 560.490012 470.403956 480.195165
FRB20230407E 7.938227 9.830398 308.375911 266.663333 274.393207
FRB20230409A 8.649866 3.932159 409.532056 372.293774 382.213875
FRB20230409C 14.261406 5.898239 299.100203 169.815427 155.839251
FRB20230410B 0.949245 1.966081 267.063673 187.005504 172.263597
FRB20230410C 0.584190 1.966081 823.872496 777.160082 783.403520
FRB20230410G 0.515688 1.966080 484.049554 341.684244 307.512214
FRB20230411A 5.355053 1.966080 551.673915 487.545899 494.346652
FRB20230411E 10.408280 1.966081 419.341176 386.621903 396.152641
FRB20230413A 5.547952 1.966080 1242.658123 1196.402755 1200.917927
FRB20230413B 1.159503 1.966080 676.658423 627.994274 637.516941
FRB20230414B 4.240746 1.966080 434.148663 310.492712 303.126327
FRB20230415A 1.523207 1.966080 674.538999 613.837373 615.338241
FRB20230417C 5.554426 2.949120 932.933041 837.982372 810.623594
FRB20230418B 1.678773 1.966080 282.174566 250.823369 261.709786
FRB20230418E 10.307825 16.711679 497.485205 311.228424 210.096898
FRB20230419A 0.892794 3.932160 355.780337 317.764253 330.307040
FRB20230419B 3.086974 1.966080 702.211181 659.521525 666.992702
FRB20230419C 0.600196 6.881280 182.794349 129.606638 134.241598
FRB20230419D 20.386092 1.966080 303.118966 249.675984 253.742822
FRB20230419F 1.101899 2.949120 327.474779 273.895497 282.109085
FRB20230419G 2.799478 14.745600 513.831048 465.797989 474.331395
FRB20230420A 2.479890 4.915200 1685.623648 1613.971312 1626.513762
FRB20230421A 2.669020 1.966080 1871.623828 1844.449331 1851.020430
FRB20230422B 4.565522 4.915200 857.122415 817.112342 819.539420
FRB20230423A 1.591521 1.966080 227.481151 171.460539 173.472121
FRB20230423D 4.501282 3.932160 739.713046 694.191198 703.177505
FRB20230423E 2.358128 1.966080 1174.618557 1136.372396 1144.116926
FRB20230423G 1.338707 1.966080 217.931649 131.958988 112.517003
FRB20230424A 3.121300 4.915200 2400.835525 2362.391382 2372.140731
FRB20230424B 2.062921 6.881280 515.415121 461.663199 472.117575
FRB20230424C 2.749391 3.932160 760.550548 723.575642 731.842850
FRB20230425A 2.926191 1.966080 431.529930 370.309449 373.854780
FRB20230425B 6.419563 4.915200 1095.520597 1050.735638 1058.316204
FRB20230425D 0.927791 1.966080 398.158417 373.800614 377.764519
FRB20230425E 3.028119 1.966080 955.872680 929.809400 933.749569
FRB20230425G 2.350117 2.949120 657.304995 626.040667 633.968480
FRB20230425H 1.268771 10.813440 262.881620 108.197416 97.169696
FRB20230426A 1.105932 3.932160 541.229175 449.269431 425.289655
FRB20230426B 2.559471 2.949120 358.542538 324.425964 331.797049
FRB20230426C 1.818555 1.966080 1130.542660 1080.201974 1085.439328
FRB20230426E 1.435427 3.932160 761.600673 663.396708 679.007765
FRB20230426F 4.640241 7.864320 1360.003625 1068.771347 933.081941
FRB20230428A 34.382673 27.525119 681.706838 609.444026 600.125256
FRB20230428C 0.399935 1.966080 456.370213 350.972986 325.120951
FRB20230429A 0.826078 1.966080 227.623796 177.588862 182.671699
FRB20230429D 2.857890 1.966080 531.086424 230.821639 157.697863
FRB20230430A 1.558589 7.864320 1153.059793 1128.673241 1132.696371
FRB20230501B 3.323775 3.932160 1660.903787 1623.982320 1635.837565
FRB20230502A 3.743387 5.898240 1036.707709 887.737882 835.253425
FRB20230502E 3.092814 19.660799 507.127191 460.946411 469.804021
FRB20230502E 3.092814 19.660799 507.127191 460.946411 469.804021
FRB20230502E 3.092814 19.660799 507.127191 460.946411 469.804021
FRB20230503A 0.318601 8.847361 449.282091 376.153608 356.417536
FRB20230503D 2.797444 4.915200 721.852226 681.063712 689.159683
FRB20230504A 1.907222 4.915200 1698.160807 1669.266091 1676.665835
FRB20230504H 9.191375 6.881280 472.228407 433.045515 442.242614
FRB20230504J 1.105190 3.932160 1028.536165 968.450916 970.095596
FRB20230504K 1.332120 3.932160 1168.969179 1048.501109 1004.188772
FRB20230505A 1.665676 1.966080 550.527319 494.218160 496.063887
FRB20230505B 2.432047 1.966080 585.486098 538.880609 544.363019
FRB20230505G 12.961712 1.966080 371.353308 283.675217 263.714346
FRB20230506A 2.133349 4.915200 689.576241 635.698804 638.465910
FRB20230506B 4.302420 8.847360 1085.744828 873.133223 793.544262
FRB20230507B 3.865221 7.864321 624.906736 436.868233 450.148174
FRB20230507C 30.456156 2.949120 657.034648 595.108383 593.817396
FRB20230508A 0.683769 1.966080 578.814580 552.600251 557.296498
FRB20230508B 4.066418 13.762561 356.331460 332.226964 332.604597
FRB20230508C 10.235823 10.813441 569.710353 521.320565 531.452908
FRB20230510A 10.988239 15.728641 447.401732 409.220670 419.512704
FRB20230510D 3.599080 4.915200 773.898577 711.509780 711.325935
FRB20230511B 4.034518 1.966080 191.618919 108.148728 104.380182
FRB20230511D 3.867526 3.932160 1466.497923 1427.157668 1436.375034
FRB20230512A 6.190417 21.626882 641.528021 588.389531 592.088918
FRB20230512B 2.338082 1.966080 1238.022398 1194.303076 1203.542145
FRB20230512C 1.867058 11.796481 323.318726 288.499266 295.801977
FRB20230512F 5.852343 4.915200 1012.257623 820.742669 735.453845
FRB20230513A 2.779678 1.966080 662.622401 618.730000 627.202248
FRB20230513B 3.243549 4.915199 861.545331 810.767985 818.530969
FRB20230513C 1.740310 19.660802 553.241082 389.617503 359.978444
FRB20230513D 7.725587 2.949120 411.629027 364.803628 354.845175
FRB20230514A 4.475212 1.966080 373.038882 328.602041 335.596966
FRB20230524A 4.895708 7.864319 445.621542 411.640566 420.401165
FRB20230524B 5.333359 10.813438 440.144112 339.511671 308.927426
FRB20230525A 2.584769 3.932159 370.563230 341.091533 342.875188
FRB20230525B 1.689508 1.966080 234.228651 166.270113 175.604163
FRB20230525D 2.673684 1.966081 525.051323 463.616415 461.672905
FRB20230527B 1.049259 0.983040 374.187968 271.293150 276.788990
FRB20230528A 4.210573 13.762558 375.366749 337.475568 345.500746
FRB20230528B 1.588144 4.915199 877.630361 678.202119 690.498379
FRB20230528E 16.336241 16.711677 645.056865 582.691205 582.572320
FRB20230528F 3.034606 5.898239 278.422161 239.402314 234.663208
FRB20230529A 2.723361 48.168953 567.256561 511.151554 519.574871
FRB20230530A 0.208320 3.932159 430.893264 402.309119 410.097467
FRB20230601B 1.411305 3.932161 775.109629 743.397776 751.042246
FRB20230601G 1.827670 2.949120 484.067155 423.300901 431.866643
FRB20230601F 3.568674 3.932159 739.028555 686.580011 690.848870
FRB20230602A 4.279511 1.966081 794.068590 760.880371 764.400416
FRB20230602B 2.165453 1.966081 248.667283 207.034102 213.584258
FRB20230602D 11.941494 18.677757 1589.095025 1398.190682 1317.421481
FRB20230602E 1.763562 2.949121 294.052788 224.052111 220.712378
FRB20230605E 1.895015 7.864323 496.876409 459.928842 466.813184
FRB20230605A 2.668434 4.915202 1783.975738 1641.986763 1590.933835
FRB20230607A 5.041928 8.847363 367.778354 321.113218 330.084390
FRB20230614A 8.874771 1.966080 741.612297 719.353437 721.781058
FRB20230614B 11.759551 3.932159 1415.772580 1385.222432 1393.111583
FRB20230614C 1.412587 1.966080 192.780445 159.318929 164.180546
FRB20230615A 10.901589 6.881279 696.812814 588.390672 552.229560
FRB20230615B 2.616551 1.966080 608.019564 511.268626 462.487753
FRB20230615C 2.633831 1.966080 759.733659 669.784531 647.196578
FRB20230616A 11.602295 2.949122 918.948974 899.013601 899.130531
FRB20230617A 5.481870 16.711677 446.137363 277.031830 212.170549
FRB20230618A 2.925652 3.932163 288.403210 189.215138 158.023667
FRB20230619A 5.580686 3.932159 598.746290 528.367004 538.661933
FRB20230620A 5.413287 1.966080 615.123788 590.043393 591.902492
FRB20230620B 11.278813 3.932159 771.532315 680.833120 661.054747
FRB20230621A 1.953464 2.949120 726.954350 649.090858 636.162704
FRB20230624A 6.422537 12.779520 378.886736 343.697702 350.382054
FRB20230624D 2.279657 1.966080 1271.980477 1076.698346 947.280649
FRB20230625A 6.224233 2.949120 472.288625 406.173290 402.071308
FRB20230625D 6.580662 3.932160 784.499471 267.834475 363.008481
FRB20230625C 7.035855 62.914560 202.764454 137.521914 133.768610
FRB20230626B 1.066941 1.966080 277.030115 256.998135 257.984530
FRB20230628B 6.603624 20.643839 459.126252 420.023151 427.154875
FRB20230628B 6.603624 20.643839 459.126252 420.023151 427.154875
FRB20230628C 2.343028 3.932160 524.552023 495.753850 499.026014
FRB20230629A 2.510182 3.932160 296.651159 238.726831 246.995361
FRB20230629J 3.752215 13.762560 680.527810 530.980933 448.379800
FRB20230629J 3.752215 13.762560 680.527810 530.980933 448.379800
FRB20230629G 6.638401 21.626879 596.128521 519.391895 507.077669
FRB20230629H 2.104258 6.881280 934.669604 754.801286 663.345934
FRB20230629I 12.758509 40.304641 560.424659 513.365532 520.083080
FRB20230630B 11.212154 1.966080 285.744117 107.331681 153.381160
FRB20230702B 2.319140 1.966080 874.440089 836.568009 843.526078
FRB20230702C 2.321364 9.830400 400.130936 336.142301 347.045992
FRB20230702F 2.438768 2.949120 841.500902 734.332213 699.291181
FRB20230702A 6.959465 2.949120 599.193549 551.883949 555.778377
FRB20230703A 5.432015 3.932160 291.295353 264.414802 270.628541
FRB20230703A 5.432015 3.932160 291.295353 264.414802 270.628541
FRB20230703B 0.982475 1.966080 185.462092 154.016105 162.054291
FRB20230703C 4.343562 4.915200 419.242624 386.855509 394.641389
FRB20230703E 2.096118 1.966080 566.411160 522.275968 530.829877
FRB20230703F 2.954938 25.559039 767.548519 692.655771 679.367268
FRB20230704D 1.523988 4.915200 1079.196492 1025.578597 1037.433312
FRB20230704C 3.780498 10.813441 600.380938 550.750878 556.445798
FRB20230705A 2.897092 1.966080 372.904153 327.031342 333.571806
FRB20230705D 0.938650 2.949120 827.550584 741.363734 737.069594
FRB20230705E 9.560423 1.966080 596.092306 542.427324 533.793201
FRB20230706C 0.942984 1.966080 680.106761 538.073565 504.131836
FRB20230706D 2.398087 1.966080 1238.631263 1089.755834 1036.360500
FRB20230709B 3.773365 2.949120 514.807647 335.765073 234.913311
FRB20230710A 3.074134 6.881279 1248.345012 1185.561525 1195.011476
FRB20230712B 3.671967 4.915200 582.088449 160.846014 260.857340
FRB20230715B 2.306286 1.966080 484.372478 440.338809 448.087509
FRB20230716A 3.173356 5.898240 503.915943 349.528930 282.187087
FRB20230717A 20.359219 1.966080 292.024795 236.005197 244.936160
FRB20230717C 63.676630 5.898240 231.163947 146.469999 117.175538
FRB20230718B 2.117704 6.881281 995.644327 945.217822 951.367802
FRB20230718C 4.824166 21.626882 1793.809513 1724.385054 1715.313907
FRB20230720C 5.169754 1.966081 848.245218 734.358203 691.514869
FRB20230720A 55.115911 17.694717 532.550565 493.104536 501.351623
FRB20230721A 3.871505 1.966080 535.640652 395.472846 364.954950
FRB20230721C 5.285938 36.372474 1001.463565 879.773599 840.129477
FRB20230722A 30.380970 54.067192 583.903239 437.631676 410.250816
FRB20230724B 9.617830 17.694726 1326.203041 1291.270137 1300.643746
FRB20230724A 13.919550 10.813443 1849.263934 1812.068260 1824.045302
FRB20230725B 7.708323 4.915202 797.688336 760.178134 767.337400
FRB20230725F 5.614952 1.966081 838.320497 754.068178 731.528965
FRB20230725G 2.557949 1.966080 596.002537 542.043388 545.210154
FRB20230726B 2.502703 6.881279 304.424047 201.513003 163.897881
FRB20230727C 1.168619 1.966081 700.731880 620.494135 615.675074
FRB20230727A 2.247185 6.881282 707.143791 530.846138 424.389066
FRB20230727B 2.856824 1.966080 750.287152 706.078266 712.653296
FRB20230728A 5.178422 4.915202 1314.343697 1279.262137 1286.471845
FRB20230728B 0.875678 4.915199 1548.860975 1494.300058 1503.018532
FRB20230728C 3.693916 10.813443 1645.837625 1408.296859 1392.549732
FRB20230729A 5.930172 8.847359 599.529715 571.885797 574.195847
FRB20230730B 1.080162 15.728638 451.013294 361.760519 364.464059
FRB20230730A 8.710668 1.966081 312.549053 234.372931 228.153907
FRB20230730C 1.519257 1.966081 227.166093 147.781671 119.064502
FRB20230801A 1.538129 1.966080 759.401721 722.539951 729.596060
FRB20230801B 1.847675 3.932161 889.462389 858.068348 866.455308
FRB20230802A 28.326990 7.864319 305.547767 247.088336 255.420712
FRB20230802A 28.326990 7.864319 305.547767 247.088336 255.420712
FRB20230802A 28.326990 7.864319 305.547767 247.088336 255.420712
FRB20230802D 7.964858 16.711685 1184.746541 1144.380139 1152.859661
FRB20230803C 10.231201 9.830398 1296.260967 1146.388452 1123.149523
FRB20230805A 9.375315 3.932159 639.374027 487.496595 462.009553
FRB20230807A 11.034185 1.966081 273.830045 216.979700 228.329115
FRB20230808A 1.810305 7.864319 892.691168 767.711249 726.995654
FRB20230811A 10.876716 1.966080 358.320818 334.371492 334.899355
FRB20230812A 5.477030 6.881279 903.432352 872.441497 881.044696
FRB20230813A 1.836146 2.949120 932.634640 883.384746 888.327759
FRB20230814C 1.497198 1.966080 696.594934 597.901340 571.322417
FRB20230814G 3.344115 14.745598 225.637423 99.419917 102.303558
FRB20230814H 2.829901 1.966080 856.461456 794.338062 792.767304
FRB20230817A 1.893864 1.966080 669.519532 564.571890 532.056584
FRB20230817B 13.900271 6.881280 1028.613411 998.586932 1006.600121
FRB20230825D 3.036468 29.491200 220.851314 95.001161 97.864398
FRB20230825E 23.100949 62.914560 222.106230 95.854512 98.724449
FRB20230825E 23.100949 62.914560 222.106230 95.854512 98.724449
FRB20230825F 15.196578 12.779520 221.162889 96.193621 99.271182
FRB20230825G 5.225987 11.796480 222.499759 97.812138 100.826319
FRB20230825I 8.393746 51.118080 222.726336 96.852247 99.710287
FRB20230825I 8.393746 51.118080 222.726336 96.852247 99.710287
FRB20230825J 2.872192 1.966080 311.318403 152.469860 60.043186
FRB20230825A 2.984636 2.949120 1040.165742 912.891050 865.158471
FRB20230825B 3.564772 4.915200 531.910541 474.724762 474.703572
FRB20230827A 3.546280 2.949120 783.139424 751.414289 754.430371
FRB20230827D 3.799335 4.915200 246.601409 197.772202 203.235742
FRB20230828C 2.061450 2.949120 219.827243 163.943222 166.478984
FRB20230828A 17.315009 3.932160 377.749630 322.917507 330.562591
FRB20230829B 4.194557 1.966080 309.034305 253.596800 256.184002
FRB20230830A 2.290085 5.898240 877.320756 750.132894 745.649083
FRB20230831C 1.258786 125.829130 330.678363 280.785286 288.384636
FRB20230831D 8.698480 1.966080 590.315713 539.875211 544.717383
FRB20230902C 1.946968 6.881280 485.940634 435.876375 441.282425
FRB20230904A 11.815651 1.966080 147.785077 76.233162 71.730545
FRB20230904A 11.815651 1.966080 147.785077 76.233162 71.730545
FRB20230904C 7.163886 20.643842 956.451484 912.276479 921.772491
FRB20230905A 24.684303 0.983040 291.727820 163.975605 145.512909
FRB20230905C 3.780852 1.966080 299.175223 258.880893 266.578730
FRB20230906A 3.861508 4.915200 1300.689605 1220.179999 1226.593072
FRB20230906B 3.740122 33.423360 482.006143 431.136573 436.550768
FRB20230908C 6.091508 7.864320 171.405590 148.683323 151.331932
FRB20230909A 14.641981 10.813440 744.785656 88.771810 122.515651
FRB20230909F 4.173359 1.966080 826.462612 790.783428 799.598111
FRB20230909D 2.544364 3.932160 529.281060 498.521504 507.049519
FRB20230910C 2.147991 22.609921 660.098977 579.131079 568.299318
FRB20230910D 0.745516 9.830400 875.042103 832.296580 843.154761
FRB20230911A 105.506340 1.966080 351.946311 310.071288 309.238033
FRB20230911B 55.380249 25.559039 268.595775 175.016659 150.769066
FRB20230911B 55.380249 25.559039 268.595775 175.016659 150.769066
FRB20230911B 55.380249 25.559039 268.595775 175.016659 150.769066
FRB20230912A 4.065532 13.762560 604.205562 562.383482 569.013505
FRB20230912B 2.891053 3.932160 1587.176226 1491.226281 1479.788594
FRB20230912C 20.464542 1.966080 639.939496 571.818745 567.505959
FRB20230913A 28.611045 1.966080 251.690379 197.801949 201.144580
FRB20230914C 2.718622 8.847360 405.412648 382.802611 385.290747
FRB20230915A 5.041353 1.966080 211.448917 128.784446 138.872004
FRB20230915B 4.168215 3.932160 397.563887 350.749618 356.665142
FRB20230915C 1.718181 1.966080 848.539015 797.440541 805.744040
FRB20230915D 2.800016 1.966080 526.435366 395.572310 337.553050
FRB20230915E 1.418197 3.932160 621.054683 529.568506 509.322257
FRB20230915F 0.856596 1.966080 484.759254 439.079896 446.674111
FRB20230915H 2.118012 1.966080 559.893676 526.488868 533.896527
